categoria,softwareId,id,nombre,telefono,web,primaryType,types,ciudad,direccion,rating,userRatingCount,googleMapsUri,createdAt
clinica-medica,atleevo,cmpczlao700p4q1sesppludlt,BE HUMAN ELCHE,623 00 56 10,,medical_clinic,medical_clinic;health;service;point_of_interest;establishment,Elche,"Carrer Josefina Manresa, 109, local 2, 03202 Elx, Alicante",4.8,91,https://maps.google.com/?cid=15959376146964911654&g_mp=Cidnb29nbGUubWFwcy5wbGFjZXMudjEuUGxhY2VzLlNlYXJjaFRleHQQAhgEIAA,2026-05-19T18:49:02.792Z
clinica-medica,atleevo,cmpczizkw00kfq1selq7656yv,CENTRO EQUILIBRIUM A CORUÑA,881 99 01 36,http://www.centroequilibrium.es/,medical_clinic,gym;sports_complex;sports_activity_location;sports_school;consultant,A Coruña,"C. Betanzos, 2, 1Dcha, 15004 La Coruña",4.9,72,https://maps.google.com/?cid=10832906849321828728&g_mp=Cidnb29nbGUubWFwcy5wbGFjZXMudjEuUGxhY2VzLlNlYXJjaFRleHQQAhgEIAA,2026-05-19T18:47:15.104Z
clinica-medica,atleevo,cmpczm7n100qsq1sedkxm60nf,efficienTraining Botánico Center,661 27 84 07,,health,medical_clinic;service;health;point_of_interest;establishment,Santa Cruz de Tenerife,"Edificio El Risco, Carr. Botánico, 8, 38400 Puerto de la Cruz, Santa Cruz de Tenerife",5,162,https://maps.google.com/?cid=2328462710884108690&g_mp=Cidnb29nbGUubWFwcy5wbGFjZXMudjEuUGxhY2VzLlNlYXJjaFRleHQQAhgEIAA,2026-05-19T18:49:45.517Z
clinica-medica,atleevo,cmpczhbnj00gvq1selrsnqzsh,Fit Center,634 53 92 99,http://www.fitcentroponte.com/,health,medical_clinic;service;health;point_of_interest;establishment,Vigo,"Estrada do Vao, s/n, 36330 Vigo, Pontevedra",4.9,123,https://maps.google.com/?cid=7182405961609516928&g_mp=Cidnb29nbGUubWFwcy5wbGFjZXMudjEuUGxhY2VzLlNlYXJjaFRleHQQAhgEIAA,2026-05-19T18:45:57.439Z
clinica-medica,atleevo,cmpczg6x700e1q1seag4yr6n9,IA Expert Training,685 11 39 00,https://www.iaexperttraining.es/,health,wellness_center;medical_clinic;health;point_of_interest;service,Valladolid,"Cl. Cobalto, 7, 47012 Valladolid",5,91,https://maps.google.com/?cid=10769451853409575548&g_mp=Cidnb29nbGUubWFwcy5wbGFjZXMudjEuUGxhY2VzLlNlYXJjaFRleHQQAhgEIAA,2026-05-19T18:45:04.651Z
clinica-medica,atleevo,cmpcz60tq004wq1set4jko1pa,JR Centro de Entrenamiento,679 51 86 91,https://entrenamientoyfisioterapiamurciajr.com/,health,medical_clinic;consultant;health;point_of_interest;service,Murcia,"C. Jorge Guillén, 3, 30007 Murcia",4.9,64,https://maps.google.com/?cid=7171073419150586537&g_mp=Cidnb29nbGUubWFwcy5wbGFjZXMudjEuUGxhY2VzLlNlYXJjaFRleHQQAhgEIAA,2026-05-19T18:37:10.191Z
clinica-medica,atleevo,cmpczg7oq00e4q1se1whyu3o1,MÉTODO ZENON - Tenerias,613 91 40 90,https://metodozenon.com/,health,medical_clinic;consultant;health;point_of_interest;service,Valladolid,"Plaza Tenerías, 5, 47006 Valladolid",5,245,https://maps.google.com/?cid=11948613670360127082&g_mp=Cidnb29nbGUubWFwcy5wbGFjZXMudjEuUGxhY2VzLlNlYXJjaFRleHQQAhgEIAA,2026-05-19T18:45:05.642Z
clinica-medica,atleevo,cmpczl8td00oyq1sei8fppaeb,Mircasport,634 44 63 80,http://mircasport.es/,medical_clinic,doctor;medical_clinic;health;service;point_of_interest,Elche,"Carrer Jaime Gómez Orts, 13, 03202 Elx, Alicante",4.8,75,https://maps.google.com/?cid=17175842723859610262&g_mp=Cidnb29nbGUubWFwcy5wbGFjZXMudjEuUGxhY2VzLlNlYXJjaFRleHQQAhgEIAA,2026-05-19T18:49:00.385Z
clinica-medica,atleevo,cmpcza4jj007vq1sepmi5ydj7,Next Level Canarias,605 05 78 68,https://nextlevelcanarias.es/,health,government_office;medical_clinic;service;point_of_interest;health,Las Palmas de Gran Canaria,"Pl. de la Feria, 13, 35003 Las Palmas de Gran Canaria, Las Palmas",4.9,69,https://maps.google.com/?cid=16320709255711937599&g_mp=Cidnb29nbGUubWFwcy5wbGFjZXMudjEuUGxhY2VzLlNlYXJjaFRleHQQAhgEIAA,2026-05-19T18:40:21.632Z
clinica-medica,atleevo,cmpcziqrt00jhq1sewkb2pvck,Not Another Workout,626 17 73 11,http://www.naw.center/,health,medical_clinic;service;health;point_of_interest;establishment,A Coruña,"Praza Mestre Mateo, Nº3, BAJO, 15004 La Coruña",4.9,26,https://maps.google.com/?cid=7706381508923643022&g_mp=Cidnb29nbGUubWFwcy5wbGFjZXMudjEuUGxhY2VzLlNlYXJjaFRleHQQAhgEIAA,2026-05-19T18:47:03.689Z
clinica-medica,atleevo,cmpczfr8w00cxq1seqoxsk9gu,Pro-Life Espacio 360,0351 743-2263,http://www.pro-life360.com/,medical_clinic,fitness_center;gym;sports_activity_location;doctor;consultant,Córdoba,"Blvr. Chacabuco 788, X5000IIH Córdoba, Argentina",4.8,299,https://maps.google.com/?cid=13101656811920274638&g_mp=Cidnb29nbGUubWFwcy5wbGFjZXMudjEuUGxhY2VzLlNlYXJjaFRleHQQAhgEIAA,2026-05-19T18:44:44.336Z
clinica-medica,atleevo,cmpcz3ugq002uq1se372o46w8,QDiez,647 07 63 30,http://www.qdiez.com/,medical_clinic,gym;medical_clinic;health;sports_activity_location;point_of_interest,Sevilla,"C. Juan de Zoyas, 3, 41018 Sevilla",4.9,26,https://maps.google.com/?cid=3450671350587280674&g_mp=Cidnb29nbGUubWFwcy5wbGFjZXMudjEuUGxhY2VzLlNlYXJjaFRleHQQAhgEIAA,2026-05-19T18:35:28.634Z
clinica-medica,atleevo,cmpczjsw400loq1seqanc2d7g,Restart Readaptación de Lesiones y Entrenamiento Personal,614 30 72 79,,government_office,medical_clinic;health;point_of_interest;government_office;establishment,Vitoria-Gasteiz,"Angulema Kalea, 7, 01004 Vitoria-Gasteiz, Araba",5,28,https://maps.google.com/?cid=14591260040572439368&g_mp=Cidnb29nbGUubWFwcy5wbGFjZXMudjEuUGxhY2VzLlNlYXJjaFRleHQQAhgEIAA,2026-05-19T18:47:53.092Z
clinica-medica,atleevo,cmpcz4hes003kq1sesp1vqf6q,Ritō Fit House,658 66 37 19,https://www.ritofithouse.com/,medical_clinic,medical_clinic;health;point_of_interest;establishment,Zaragoza,"C. de Mariano Lagasca, 14, Local 1, 50006 Zaragoza",5,146,https://maps.google.com/?cid=5694808401158418395&g_mp=Cidnb29nbGUubWFwcy5wbGFjZXMudjEuUGxhY2VzLlNlYXJjaFRleHQQAhgEIAA,2026-05-19T18:35:58.372Z
clinica-medica,atleevo,cmpczjj4600l3q1seavtc252c,Santano Sport Nutrition,945 33 02 81,https://www.santanosport.com/,health,medical_clinic;health;point_of_interest;government_office;store,Vitoria-Gasteiz,"Irati Kalea, 6, bajo a la derecha del centro comercial, 01010 Vitoria-Gasteiz, Araba",4.8,74,https://maps.google.com/?cid=8095673063641055231&g_mp=Cidnb29nbGUubWFwcy5wbGFjZXMudjEuUGxhY2VzLlNlYXJjaFRleHQQAhgEIAA,2026-05-19T18:47:40.422Z
clinica-medica,atleevo,cmpczgstv00fgq1se0tplc0aa,SPACIO WELLNESS,983 26 86 75,http://spaciowellness.com/,wellness_center,wellness_center;medical_clinic;health;point_of_interest;establishment,Valladolid,"C. Torrecilla, 13, 47007 Valladolid",4.9,14,https://maps.google.com/?cid=14904369240573228653&g_mp=Cidnb29nbGUubWFwcy5wbGFjZXMudjEuUGxhY2VzLlNlYXJjaFRleHQQAhgEIAA,2026-05-19T18:45:33.043Z
club-deportivo,atleevo,cmpczfhku00cdq1se3zukavhg,Grey Matter,744 66 73 24,,sports_club,sports_club;association_or_organization;point_of_interest;establishment,Córdoba,"Plaza del Dr. Emilio Luque, 1, Centro, 14003 Córdoba",5,32,https://maps.google.com/?cid=12199583421353380071&g_mp=Cidnb29nbGUubWFwcy5wbGFjZXMudjEuUGxhY2VzLlNlYXJjaFRleHQQAhgEIAA,2026-05-19T18:44:31.806Z
consultor,atleevo,cmpcza78x007wq1sefqnek4rq,by Adriguti,662 07 43 60,https://byadriguti.com/dietista,consultant,consultant;service;point_of_interest;health;establishment,Las Palmas de Gran Canaria,"C. Lomo la Plana, 40, 35019, 35019 Las Palmas de Gran Canaria, Las Palmas",5,38,https://maps.google.com/?cid=9060327433878176892&g_mp=Cidnb29nbGUubWFwcy5wbGFjZXMudjEuUGxhY2VzLlNlYXJjaFRleHQQAhgEIAA,2026-05-19T18:40:25.137Z
consultor,atleevo,cmpczcye7009kq1semzuoxsr0,DietingWell,622 81 28 28,https://www.dietingwell.es/,consultant,wellness_center;consultant;service;health;point_of_interest,Alicante,"Avinguda Goleta, 3, local 4, 03540 Alacant, Alicante",5,88,https://maps.google.com/?cid=7356029229886435911&g_mp=Cidnb29nbGUubWFwcy5wbGFjZXMudjEuUGxhY2VzLlNlYXJjaFRleHQQAhgEIAA,2026-05-19T18:42:33.632Z
consultor,atleevo,cmpczi6k400imq1sepgu4mvj0,Eleven Up Sports,603 46 90 60,https://elevenupsports.com/,consultant,consultant;point_of_interest;service;establishment,Gijón,"C. Saavedra, 7, oficina 3, Centro, 33208 Gijón, Asturias",5,46,https://maps.google.com/?cid=3720997398658292347&g_mp=Cidnb29nbGUubWFwcy5wbGFjZXMudjEuUGxhY2VzLlNlYXJjaFRleHQQAhgEIAA,2026-05-19T18:46:37.493Z
consultor,atleevo,cmpczhv0t00hdq1se6jig0tly,Ivanchenko Trainer,653 52 36 09,http://www.ivanchenkotrainer.com/,consultant,consultant;health;point_of_interest;service;establishment,Gijón,"Centro Deportivo Tíbet, C. Ana María, 27-29, Centro, 33209 Gijón, Asturias",4.9,124,https://maps.google.com/?cid=6827265440684926759&g_mp=Cidnb29nbGUubWFwcy5wbGFjZXMudjEuUGxhY2VzLlNlYXJjaFRleHQQAhgEIAA,2026-05-19T18:46:22.542Z
consultor,atleevo,cmpczl9u600p1q1se5y5aacj2,NATURVITIA ELCHE,622 32 53 12,http://www.naturvitia.es/,consultant,consultant;health;service;store;point_of_interest,Elche,"Passeig d'Atzavares, 32, 03208 Elx, Alicante",4.9,424,https://maps.google.com/?cid=4573012320523694143&g_mp=Cidnb29nbGUubWFwcy5wbGFjZXMudjEuUGxhY2VzLlNlYXJjaFRleHQQAhgEIAA,2026-05-19T18:49:01.711Z
consultor,atleevo,cmpcymqbc00b2ih9u1z5igfui,RT Nutrition Zenter,634 81 18 34,https://rt-nutrition.com/,consultant,consultant;health;point_of_interest;service;establishment,Bilbao,"54 bis, Iparraguirre Kalea, Abando, 48009 Bilbao, Bizkaia",5,144,https://maps.google.com/?cid=15438138146969055761&g_mp=Cidnb29nbGUubWFwcy5wbGFjZXMudjEuUGxhY2VzLlNlYXJjaFRleHQQAhgEIAA,2026-05-19T18:22:10.104Z
escuela-deportiva,atleevo,cmpcz3dk2002eq1se49ib7bye,Apta Vital Sport,963 95 00 76,https://aptavs.com/,sports_school,sports_school;point_of_interest;establishment,Valencia,"Avinguda de Campanar, 37, bajo, Campanar, 46009 València, Valencia",5,690,https://maps.google.com/?cid=9837593620969657351&g_mp=Cidnb29nbGUubWFwcy5wbGFjZXMudjEuUGxhY2VzLlNlYXJjaFRleHQQAhgEIAA,2026-05-19T18:35:06.723Z
escuela-formacion,atleevo,cmpczcrnw009eq1se4wk5d2yx,Academia El Temple,642 86 52 94,https://instagram.com/academiaeltemple?igshid=ZDdkNTZiNTM=,health,health;point_of_interest;service;establishment,Alicante,"Carrer Rigel, 29, 03007 Alacant, Alicante",5,68,https://maps.google.com/?cid=15600636179400225147&g_mp=Cidnb29nbGUubWFwcy5wbGFjZXMudjEuUGxhY2VzLlNlYXJjaFRleHQQAhgEIAA,2026-05-19T18:42:24.908Z
escuela-formacion,atleevo,cmpczg1zz00dpq1se14es7z97,Aerobics Center - Instituto de Formación,0351 427-1045,http://www.aerobicscenter.edu.ar/,university,university;educational_institution;point_of_interest;establishment,Córdoba,"Entre Ríos 234, X5022ADF Córdoba, Argentina",4.8,71,https://maps.google.com/?cid=8307351904505179842&g_mp=Cidnb29nbGUubWFwcy5wbGFjZXMudjEuUGxhY2VzLlNlYXJjaFRleHQQAhgEIAA,2026-05-19T18:44:58.271Z
escuela-formacion,atleevo,cmpcz2643000eq1se5pafkc29,ANEFF Academia Nacional de Entrenadores de Fútbol,662 10 95 96,http://www.anefescuela.es/,educational_institution,educational_institution;point_of_interest;establishment,Madrid,"C. Alhaquén, 10, Local 1, 28903 Getafe, Madrid",4.8,181,https://maps.google.com/?cid=7300921071058714894&g_mp=Cidnb29nbGUubWFwcy5wbGFjZXMudjEuUGxhY2VzLlNlYXJjaFRleHQQAhgEIAA,2026-05-19T18:34:10.419Z
escuela-formacion,atleevo,cmpczg2de00dqq1seo50yfpi7,EGDF ESCUELA DE GESTIÓN DEPORTE Y FITNESS,0351 15-646-3609,http://www.egdf.com.ar/,educational_institution,educational_institution;point_of_interest;establishment,Córdoba,"Cirilo Correa 226, X5003 Córdoba, Argentina",,,https://maps.google.com/?cid=15641673555594528411&g_mp=Cidnb29nbGUubWFwcy5wbGFjZXMudjEuUGxhY2VzLlNlYXJjaFRleHQQAhgEIAA,2026-05-19T18:44:58.755Z
escuela-formacion,atleevo,cmpcz7oex006pq1se7ojwwee8,Equipo profesional y escuela de formación Rubén Ruano.,637 31 61 02,http://rubenruano.com/,health,consultant;health;point_of_interest;service;establishment,Murcia,"C. Isla Cristina, 7, 30006 Puente Tocinos, Murcia",4.6,9,https://maps.google.com/?cid=13332228980875857921&g_mp=Cidnb29nbGUubWFwcy5wbGFjZXMudjEuUGxhY2VzLlNlYXJjaFRleHQQAhgEIAA,2026-05-19T18:38:27.418Z
escuela-formacion,atleevogym,cmpczigtk00isq1se55dzc9is,Escuela Asturiana de Musculación,659 86 41 18,,gym,gym;sports_complex;sports_school;sports_activity_location;health,Gijón,"C. Manuel Rodríguez Álvarez, 34, Gijon-Oeste, 33213 Gijón, Asturias",4.9,54,https://maps.google.com/?cid=5506338732512361801&g_mp=Cidnb29nbGUubWFwcy5wbGFjZXMudjEuUGxhY2VzLlNlYXJjaFRleHQQAhgEIAA,2026-05-19T18:46:50.792Z
escuela-formacion,atleevo,cmpcz4j78003pq1sek62esl1w,ESCUELAS CENETED,651 63 45 01,https://www.tecnicodeportivo.net/,educational_institution,educational_institution;point_of_interest;establishment,Zaragoza,"Centro de Negocios CEPAR, C. de Vicente Berdusán, Bloque D1, Bajos, Delicias, 50010 Zaragoza",4.9,37,https://maps.google.com/?cid=14563922178418152958&g_mp=Cidnb29nbGUubWFwcy5wbGFjZXMudjEuUGxhY2VzLlNlYXJjaFRleHQQAhgEIAA,2026-05-19T18:36:00.692Z
escuela-formacion,atleevo,cmpczlbst00p8q1se9fpb9jh8,Futcoach10 Formación,685 45 45 69,https://www.futcoach10.es/,educational_institution,educational_institution;point_of_interest;establishment,Elche,"Carrer Emilio Sala Hernandez, n3, 03205 Elx, Alicante",5,26,https://maps.google.com/?cid=14718349081085203006&g_mp=Cidnb29nbGUubWFwcy5wbGFjZXMudjEuUGxhY2VzLlNlYXJjaFRleHQQAhgEIAA,2026-05-19T18:49:04.253Z
escuela-formacion,atleevo,cmpczg1gn00dnq1sefz45bl7a,IPEF Córdoba,,http://www.ipef.com/cordoba,educational_institution,educational_institution;point_of_interest;establishment,Córdoba,"Paraná 479, X5000HXI Córdoba, Argentina",3.4,28,https://maps.google.com/?cid=17253024598664133635&g_mp=Cidnb29nbGUubWFwcy5wbGFjZXMudjEuUGxhY2VzLlNlYXJjaFRleHQQAhgEIAA,2026-05-19T18:44:57.576Z
escuela-formacion,atleevo,cmpczmtvl00rlq1seou1i6qox,OPOEFI Preparadores,623 40 57 91,https://opoefi.es/,educational_institution,point_of_interest;educational_institution;establishment,Santa Cruz de Tenerife,"Av. Reyes Católicos, 29, 38005 Santa Cruz de Tenerife",5,32,https://maps.google.com/?cid=8124339133938744778&g_mp=Cidnb29nbGUubWFwcy5wbGFjZXMudjEuUGxhY2VzLlNlYXJjaFRleHQQAhgEIAA,2026-05-19T18:50:14.338Z
escuela-formacion,atleevo,cmpczg1qv00doq1sej93108dt,Quality I.S.A.D. – Instituto Superior en Actividades Deportivas,0351 461-9000,http://www.qualityisad.com.ar/,educational_institution,educational_institution;gym;sports_activity_location;health;point_of_interest,Córdoba,"Cruz Roja Argentina 200, X5900HHD Córdoba, Argentina",4.4,618,https://maps.google.com/?cid=9871739355140398719&g_mp=Cidnb29nbGUubWFwcy5wbGFjZXMudjEuUGxhY2VzLlNlYXJjaFRleHQQAhgEIAA,2026-05-19T18:44:57.943Z
escuela-formacion,atleevo,cmpczfw3t00dfq1seb1x4ix5v,Tecnofits,0351 460-2641,,educational_institution,educational_institution;point_of_interest;establishment,Córdoba,"Independencia 1073, X5000 Córdoba, Argentina",4.8,31,https://maps.google.com/?cid=150082126746901351&g_mp=Cidnb29nbGUubWFwcy5wbGFjZXMudjEuUGxhY2VzLlNlYXJjaFRleHQQAhgEIAA,2026-05-19T18:44:50.634Z
estetica-belleza,atleevo,cmpczfoto00coq1se57e1v42q,Carolina Carmona - Personal Trainer - Estética Corporal,03525 15-54-7819,https://www.facebook.com/pg/Carolina-Carmona-311640548890321,health,health;service;point_of_interest;establishment,Córdoba,"Corrientes 186, X5221 Sinsacate, Córdoba, Argentina",4.9,12,https://maps.google.com/?cid=18149040107546857820&g_mp=Cidnb29nbGUubWFwcy5wbGFjZXMudjEuUGxhY2VzLlNlYXJjaFRleHQQAhgEIAA,2026-05-19T18:44:41.197Z
estetica-belleza,atleevo,cmpczghdv00f5q1se4tpcldz7,Sara Panizo Estética y Deporte,615 69 82 92,https://sarapanizoesteticaydeporte.com/,health,massage_spa;spa;massage;beauty_salon;health,Valladolid,"C. de Gabilondo, 20, 47007 Valladolid",5,12,https://maps.google.com/?cid=17774070458774143905&g_mp=Cidnb29nbGUubWFwcy5wbGFjZXMudjEuUGxhY2VzLlNlYXJjaFRleHQQAhgEIAA,2026-05-19T18:45:18.212Z
estetica-belleza,atleevo,cmpczh2gs00fvq1seg6zqh0vh,SteticLab - Entrenamiento Personal y Estética · Fitness Estético,650 98 69 78,https://steticlab.es/,health,consultant;point_of_interest;health;service;establishment,Vigo,"Rúa do Príncipe, 49, 1º Izda, Santiago de Vigo, 36202 Vigo, Pontevedra",5,122,https://maps.google.com/?cid=9841085330723204284&g_mp=Cidnb29nbGUubWFwcy5wbGFjZXMudjEuUGxhY2VzLlNlYXJjaFRleHQQAhgEIAA,2026-05-19T18:45:45.532Z
fisioterapia,atleevo,cmpcz3vh2002yq1se1vr82fhd,Academia de porteros Fisionext by Ismael Salti,686 89 35 70,,sports_school,sports_school;service;health;point_of_interest;establishment,Sevilla,"Av. la Revoltosa, 41006 Sevilla",5,30,https://maps.google.com/?cid=5931847655306150669&g_mp=Cidnb29nbGUubWFwcy5wbGFjZXMudjEuUGxhY2VzLlNlYXJjaFRleHQQAhgEIAA,2026-05-19T18:35:29.943Z
fisioterapia,atleevo,cmpczgbuw00ekq1sesys3kmma,Actium Espacio Salud,681 06 99 96,https://www.actiumsalud.com/,health,physiotherapist;medical_clinic;consultant;health;point_of_interest,Valladolid,"C. Aguacate, 32, 47008 Valladolid",5,12,https://maps.google.com/?cid=7037709504838928239&g_mp=Cidnb29nbGUubWFwcy5wbGFjZXMudjEuUGxhY2VzLlNlYXJjaFRleHQQAhgEIAA,2026-05-19T18:45:11.048Z
fisioterapia,atleevo,cmpczgh4m00f4q1sejhgfbz8u,"Alcuadrado Wellness - Fisioterapia, rehabilitación y entrenamiento personal",681 15 39 53,https://alcuadradovalladolid.com/wellness,medical_clinic,physiotherapist;massage;medical_clinic;health;service,Valladolid,"Pl. de San Nicolás, 10, 47003 Valladolid",5,38,https://maps.google.com/?cid=16062976635419391791&g_mp=Cidnb29nbGUubWFwcy5wbGFjZXMudjEuUGxhY2VzLlNlYXJjaFRleHQQAhgEIAA,2026-05-19T18:45:17.878Z
fisioterapia,atleevo,cmpczbtlm008uq1seulo64zpn,Alicante Fit Corner,686 68 90 68,http://alicantefitcorner.es/,health,physiotherapist;consultant;service;health;point_of_interest,Alicante,"C. Pintor Maria Fortuny, 11, 03110 Mutxamel, Alicante",5,79,https://maps.google.com/?cid=10431729135627689242&g_mp=Cidnb29nbGUubWFwcy5wbGFjZXMudjEuUGxhY2VzLlNlYXJjaFRleHQQAhgEIAA,2026-05-19T18:41:40.762Z
fisioterapia,atleevo,cmpczg8g100e7q1se2g7tuozz,ALMA Entrenamientos y Fisioterapia,604 95 76 52,https://almaentrenamientos.es/,health,physiotherapist;wellness_center;medical_clinic;health;point_of_interest,Valladolid,"Av. Ramón Pradera, 22, 47009 Valladolid",5,75,https://maps.google.com/?cid=18153764991647545831&g_mp=Cidnb29nbGUubWFwcy5wbGFjZXMudjEuUGxhY2VzLlNlYXJjaFRleHQQAhgEIAA,2026-05-19T18:45:06.626Z
fisioterapia,atleevo,cmpcz68ph005qq1sekdhw4x7u,AT Center,607 24 70 32,https://www.instagram.com/_atcenter/,health,physiotherapist;consultant;health;point_of_interest;service,Murcia,"C. Hernandez Muñoz, 12, 30165 Murcia",5,42,https://maps.google.com/?cid=5094265224676552481&g_mp=Cidnb29nbGUubWFwcy5wbGFjZXMudjEuUGxhY2VzLlNlYXJjaFRleHQQAhgEIAA,2026-05-19T18:37:20.406Z
fisioterapia,atleevo,cmpcz3cob002bq1seig0xelvu,Blacksets,665 21 57 78,http://blacksets.com/,health,physiotherapist;health;service;point_of_interest;establishment,Valencia,"Carrer de Salamanca, 49, L'Eixample, 46005 València, Valencia",5,109,https://maps.google.com/?cid=12025719193088281737&g_mp=Cidnb29nbGUubWFwcy5wbGFjZXMudjEuUGxhY2VzLlNlYXJjaFRleHQQAhgEIAA,2026-05-19T18:35:05.579Z
fisioterapia,atleevo,cmpczg6f500dzq1sedf3lbn51,Centro de Entrenamineto Personal y Clínica de Fisioterapia Entrena Valladolid,623 38 15 98,http://www.entrenavalladolid.com/,health,physiotherapist;wellness_center;gym;sports_complex;medical_clinic,Valladolid,"C. de la Independencia, 5, 47004 Valladolid",5,139,https://maps.google.com/?cid=18017220474784338814&g_mp=Cidnb29nbGUubWFwcy5wbGFjZXMudjEuUGxhY2VzLlNlYXJjaFRleHQQAhgEIAA,2026-05-19T18:45:04.001Z
fisioterapia,atleevo,cmpczg0pj00dlq1seoijsx9z4,Chavero Sports Fisioterapia Y Entrenamiento Deportivo,0351 221-9463,http://chaverosports.com.ar/,medical_clinic,beauty_salon;physiotherapist;gym;medical_clinic;consultant,Córdoba,"Gregoria Matorras 3736, X5000 X5009CAJ, Córdoba, Argentina",4.8,491,https://maps.google.com/?cid=12032856355569690160&g_mp=Cidnb29nbGUubWFwcy5wbGFjZXMudjEuUGxhY2VzLlNlYXJjaFRleHQQAhgEIAA,2026-05-19T18:44:56.599Z
fisioterapia,atleevo,cmpczdatf009wq1seebmoha46,Clínica Deportiva y Fisioterapia Punto Cero | Centro de entrenamiento en Alicante,621 24 07 50,https://www.punt0cero.com/,medical_clinic,wellness_center;physiotherapist;consultant;medical_clinic;service,Alicante,"Carrer del Salabre, 10B, 03540 Alacant, Alicante",5,108,https://maps.google.com/?cid=2201609939543246621&g_mp=Cidnb29nbGUubWFwcy5wbGFjZXMudjEuUGxhY2VzLlNlYXJjaFRleHQQAhgEIAA,2026-05-19T18:42:49.731Z
fisioterapia,atleevo,cmpczlrt700phq1se4v6s2fe3,Clínica Fisioterapia Samuel Asensio,624 02 06 97,https://www.clinicasamuelasensio.com/,medical_clinic,gym;sports_complex;medical_clinic;sports_school;consultant,Elche,"Carrer Diego Fuentes Serrano, 42, 03204 Elx, Alicante",4.9,68,https://maps.google.com/?cid=5004523750025432097&g_mp=Cidnb29nbGUubWFwcy5wbGFjZXMudjEuUGxhY2VzLlNlYXJjaFRleHQQAhgEIAA,2026-05-19T18:49:25.003Z
fisioterapia,atleevo,cmpcz4zsz0047q1seb1y3s6fj,"Clínica Solaris - Fisioterapia, entrenamiento y readaptación",695 33 29 91,http://www.solarisclinic.es/,wellness_center,wellness_center;gym;sports_school;medical_clinic;doctor,Málaga,"C. Poeta Aurora de Albornoz, 5, Puerta 3, Teatinos-Universidad, 29010 Málaga",5,134,https://maps.google.com/?cid=16996940724132372463&g_mp=Cidnb29nbGUubWFwcy5wbGFjZXMudjEuUGxhY2VzLlNlYXJjaFRleHQQAhgEIAA,2026-05-19T18:36:22.212Z
fisioterapia,atleevo,cmpcyl8490062ih9uienbf51a,Entrenamiento personal y clínica Credus,638 70 61 93,https://credus.es/,health,physiotherapist;consultant;doctor;health;point_of_interest,Sevilla,"C. Felipe II, 2, bajo, 41013 Sevilla",5,41,https://maps.google.com/?cid=3728895386267771372&g_mp=Cidnb29nbGUubWFwcy5wbGFjZXMudjEuUGxhY2VzLlNlYXJjaFRleHQQAhgEIAA,2026-05-19T18:20:59.866Z
fisioterapia,atleevo,cmpczl4qf00ojq1sez8vezj1z,Entrenamiento y Fisioterapia ZOI CENTRO,664 05 70 51,https://www.centrozoi.com/,health,physiotherapist;medical_clinic;point_of_interest;health;service,Elche,"Carrer del Filet de Fora, 35, 03203 Elx, Alicante",5,11,https://maps.google.com/?cid=8404544693771017000&g_mp=Cidnb29nbGUubWFwcy5wbGFjZXMudjEuUGxhY2VzLlNlYXJjaFRleHQQAhgEIAA,2026-05-19T18:48:55.096Z
fisioterapia,atleevo,cmpczmlah00rbq1seu10e8530,Entrenamiento y Recuperación,629 63 75 55,,health,physiotherapist;health;service;point_of_interest;establishment,Santa Cruz de Tenerife,"C Valentin Sanz, 18, 38003 Santa Cruz de Tenerife",5,2,https://maps.google.com/?cid=1820357887514861922&g_mp=Cidnb29nbGUubWFwcy5wbGFjZXMudjEuUGxhY2VzLlNlYXJjaFRleHQQAhgEIAA,2026-05-19T18:50:03.209Z
fisioterapia,atleevo,cmpcymzhl00btih9uzdars3er,Físic - Espai de salut integral S'escorxador - Entrenament i fisioteràpia,659 99 99 85,http://fisicespaidesalut.com/,health,point_of_interest;health;service;establishment,Mallorca,"Carrer de, Carrer d'Andreu Feliu, 6, baixos, Nord, 07010 Palma, Illes Balears",4.9,87,https://maps.google.com/?cid=17661249329638129697&g_mp=Cidnb29nbGUubWFwcy5wbGFjZXMudjEuUGxhY2VzLlNlYXJjaFRleHQQAhgEIAA,2026-05-19T18:22:21.993Z
fisioterapia,atleevo,cmpcz3flt002mq1se62biju84,"Fisio & Performance - Centro de entrenamiento, fisioterapia y podología",961 10 92 52,http://www.fisioyperformance.com/,medical_clinic,gym;sports_complex;medical_clinic;sports_school;doctor,Valencia,"Carrer del Periodista Gil Sumbiela, 57, Benicalap, 46025 València, Valencia",5,63,https://maps.google.com/?cid=18269976966398996604&g_mp=Cidnb29nbGUubWFwcy5wbGFjZXMudjEuUGxhY2VzLlNlYXJjaFRleHQQAhgEIAA,2026-05-19T18:35:09.377Z
fisioterapia,atleevo,cmpcymm2i00amih9ujzr5ssto,FisioFitness Markel Simon,944 01 08 46,http://www.fisiofitnessbilbao.es/,physiotherapist,physiotherapist;health;service;point_of_interest;establishment,Bilbao,"Rodríguez Arias K., 4, 1º Drcha, Abando, 48008 Bilbao, Bizkaia",4.9,145,https://maps.google.com/?cid=1101275423604792577&g_mp=Cidnb29nbGUubWFwcy5wbGFjZXMudjEuUGxhY2VzLlNlYXJjaFRleHQQAhgEIAA,2026-05-19T18:22:04.602Z
fisioterapia,atleevo,cmpczkw1k00nxq1sev2lm2fvf,Fisiosport Granada. Centro de Fisioterapia y Entrenamiento Personal,722 28 52 63,,medical_clinic,physiotherapist;medical_clinic;health;service;point_of_interest,Granada,"Calle Buenos Aires 9 Loc.4 Entrada por, C. Mar del Plata, Ronda, 18004 Granada",5,46,https://maps.google.com/?cid=1228266824069151624&g_mp=Cidnb29nbGUubWFwcy5wbGFjZXMudjEuUGxhY2VzLlNlYXJjaFRleHQQAhgEIAA,2026-05-19T18:48:43.832Z
fisioterapia,atleevo,cmpczhuri00hcq1seowxd6gd0,FISIOTERAPEUTA y ENTRENADOR PERSONAL. Centro Deportivo Equipo EGN Gijón,722 60 49 05,http://equipoegn.com/,medical_clinic,fitness_center;gym;medical_clinic;sports_complex;sports_activity_location,Gijón,"C. Ezcurdia, 152, BAJO, Gijon-Este, 33203 Gijón, Asturias",4.9,103,https://maps.google.com/?cid=16215853410256318346&g_mp=Cidnb29nbGUubWFwcy5wbGFjZXMudjEuUGxhY2VzLlNlYXJjaFRleHQQAhgEIAA,2026-05-19T18:46:22.206Z
fisioterapia,atleevo,cmpcziuhw00jvq1selnbj33ja,Fisiotrainner Center,981 17 12 16,https://www.instagram.com/fisiotrainner_center_coruna/?hl=es,health,service;health;point_of_interest;establishment,A Coruña,"Rúa Río de Monelos, 20, 15006 A Coruña",4.7,25,https://maps.google.com/?cid=3818256865977285161&g_mp=Cidnb29nbGUubWFwcy5wbGFjZXMudjEuUGxhY2VzLlNlYXJjaFRleHQQAhgEIAA,2026-05-19T18:47:08.516Z
fisioterapia,atleevo,cmpcyn60r00chih9ul854747o,FisioWorld Trainer,600 47 12 49,http://www.fisioworldtrainer.com/,physiotherapist,physiotherapist;medical_clinic;health;service;point_of_interest,Mallorca,"Carrer d'Eusebi Estada, 90, PB, local 5a, Nord, 07004 Palma, Illes Balears",5,616,https://maps.google.com/?cid=5818630284329520126&g_mp=Cidnb29nbGUubWFwcy5wbGFjZXMudjEuUGxhY2VzLlNlYXJjaFRleHQQAhgEIAA,2026-05-19T18:22:30.459Z
fisioterapia,atleevo,cmpcylhmt006uih9u10l6cw0f,FITACTIVA Bretón | Entrenador personal y Fisioterapia en Zaragoza,611 67 59 47,http://www.fitactiva.com/,health,physiotherapist;health;service;point_of_interest;establishment,Zaragoza,"C/ Tomás Bretón, 10, 50005 Zaragoza",4.9,104,https://maps.google.com/?cid=12689717880632622549&g_mp=Cidnb29nbGUubWFwcy5wbGFjZXMudjEuUGxhY2VzLlNlYXJjaFRleHQQAhgEIAA,2026-05-19T18:21:12.198Z
fisioterapia,atleevo,cmpczaia40086q1sechi28p6e,"Fix & Fit Fisioterapia, Readaptación y Entrenamiento",633 66 95 92,http://www.fixandfit.es/,physiotherapist,physiotherapist;health;point_of_interest;service;establishment,Las Palmas de Gran Canaria,"C. Almansa, 72, 35010 Las Palmas de Gran Canaria, Las Palmas",4.9,127,https://maps.google.com/?cid=11808996036338488420&g_mp=Cidnb29nbGUubWFwcy5wbGFjZXMudjEuUGxhY2VzLlNlYXJjaFRleHQQAhgEIAA,2026-05-19T18:40:39.436Z
fisioterapia,atleevo,cmpczhc5h00gxq1senil656ol,FIX Salud y Deporte,986 15 08 47,https://grupofix.es/,health,physiotherapist;consultant;service;health;point_of_interest,Vigo,"R. de García Barbón, 90, Santiago de Vigo, 36201 Vigo, Pontevedra",4.8,53,https://maps.google.com/?cid=10018776293079215074&g_mp=Cidnb29nbGUubWFwcy5wbGFjZXMudjEuUGxhY2VzLlNlYXJjaFRleHQQAhgEIAA,2026-05-19T18:45:58.085Z
fisioterapia,atleevo,cmpcyk709002hih9uvargus7n,GOALS Fisioterapia y Personal Training,693 30 27 24,http://goalsbcn.com/?utm_source=gmb&utm_medium=referral,health,medical_clinic;health;service;point_of_interest;establishment,Barcelona,"Gran Via de les Corts Catalanes, 736, Escalera B, Entresuelo 3, Eixample, 08013 Barcelona",4.9,186,https://maps.google.com/?cid=8804748733972596606&g_mp=Cidnb29nbGUubWFwcy5wbGFjZXMudjEuUGxhY2VzLlNlYXJjaFRleHQQAhgEIAA,2026-05-19T18:20:11.769Z
fisioterapia,atleevo,cmpcymosr00awih9urxdf2tbe,Hazi Bilbao,611 75 18 31,http://www.hazibilbao.eus/,wellness_center,wellness_center;physiotherapist;consultant;health;point_of_interest,Bilbao,"Mazarredo Zumarkalea, 45, Abando, 48009 Bilbao, Bizkaia",5,139,https://maps.google.com/?cid=9769072535084250531&g_mp=Cidnb29nbGUubWFwcy5wbGFjZXMudjEuUGxhY2VzLlNlYXJjaFRleHQQAhgEIAA,2026-05-19T18:22:08.139Z
fisioterapia,atleevo,cmpczmufk00rnq1segocd4k7a,Health & Sport Canarias (Centro Salud Anaga),922 46 74 46,http://www.healthsportcanarias.com/,medical_clinic,wellness_center;sports_complex;gym;physiotherapist;sports_school,Santa Cruz de Tenerife,"C. de Carlos J.R. Hamilton, n13, 38001 Santa Cruz de Tenerife",4.7,40,https://maps.google.com/?cid=15313803177833612209&g_mp=Cidnb29nbGUubWFwcy5wbGFjZXMudjEuUGxhY2VzLlNlYXJjaFRleHQQAhgEIAA,2026-05-19T18:50:15.057Z
fisioterapia,atleevo,cmpcylss30081ih9uv3qznry0,Impulse Fisioterapia Zaragoza y Entrenamiento,876 03 22 63,http://www.centroimpulse.com/,medical_clinic,wellness_center;medical_clinic;health;service;point_of_interest,Zaragoza,"C. de San Juan de la Cruz, 19, local 2 derecha, 50006 Zaragoza",5,267,https://maps.google.com/?cid=3732738242805158139&g_mp=Cidnb29nbGUubWFwcy5wbGFjZXMudjEuUGxhY2VzLlNlYXJjaFRleHQQAhgEIAA,2026-05-19T18:21:26.644Z
fisioterapia,atleevo,cmpcz3u2v002tq1selfc2h9f0,InMuv Torre Sevilla,672 67 61 39,http://inmuv.es/,medical_clinic,medical_center;physiotherapist;hospital;fitness_center;gym,Sevilla,"Torre Sevilla, C. Inca Garcilaso, s/n, 3ª planta Centro Comercial, 41092 Sevilla",5,110,https://maps.google.com/?cid=8391382011908097610&g_mp=Cidnb29nbGUubWFwcy5wbGFjZXMudjEuUGxhY2VzLlNlYXJjaFRleHQQAhgEIAA,2026-05-19T18:35:28.136Z
fisioterapia,atleevo,cmpcym3ym008zih9ur2aga8go,Integra Health & Sport,685 78 07 78,http://integracentros.com/,health,physiotherapist;consultant;health;service;point_of_interest,Málaga,"C. Diego Fernández Mendoza, 11, Teatinos-Universidad, 29010 Málaga",4.8,78,https://maps.google.com/?cid=16929454048625193732&g_mp=Cidnb29nbGUubWFwcy5wbGFjZXMudjEuUGxhY2VzLlNlYXJjaFRleHQQAhgEIAA,2026-05-19T18:21:41.135Z
fisioterapia,atleevo,cmpcz2aca000rq1sevekki0td,Juanjo Rodriguez Lagasca,692 92 29 34,http://www.juanjorodriguez.es/,health,beautician;physiotherapist;consultant;health;service,Madrid,"Calle de Lagasca, 129, Salamanca, 28006 Madrid",4.8,85,https://maps.google.com/?cid=9717107473601572517&g_mp=Cidnb29nbGUubWFwcy5wbGFjZXMudjEuUGxhY2VzLlNlYXJjaFRleHQQAhgEIAA,2026-05-19T18:34:15.899Z
fisioterapia,atleevo,cmpczhz2d00htq1sen6q0qk03,Kinés Entrenamiento y Fisioterapia,663 79 44 44,http://centrokines.es/,health,physiotherapist;health;point_of_interest;service;establishment,Gijón,"C. Pintor Marola, 14, Gijon-Este, 33203 Gijón, Asturias",5,45,https://maps.google.com/?cid=8049575881608665999&g_mp=Cidnb29nbGUubWFwcy5wbGFjZXMudjEuUGxhY2VzLlNlYXJjaFRleHQQAhgEIAA,2026-05-19T18:46:27.781Z
fisioterapia,atleevo,cmpczl1ve00o8q1ses9y6dclm,Kinesis Entrenamiento Individualizado,611 91 72 68,http://www.kinesistudio.es/,health,health;service;point_of_interest;establishment,Elche,"Av. d'Alacant, 41, 03202 Elx, Alicante",5,20,https://maps.google.com/?cid=77825857337828678&g_mp=Cidnb29nbGUubWFwcy5wbGFjZXMudjEuUGxhY2VzLlNlYXJjaFRleHQQAhgEIAA,2026-05-19T18:48:51.387Z
fisioterapia,atleevogym,cmpcz4tat003zq1se3rjcp0i6,Kinesis Wellness Studio,696 20 65 39,https://www.instagram.com/kinesiswellnessstudio/,gym,gym;yoga_studio;fitness_center;massage;sports_complex,Málaga,"C. Molinillo del Aceite, 6, Distrito Centro, 29008 Málaga",5,11,https://maps.google.com/?cid=14928466791269451183&g_mp=Cidnb29nbGUubWFwcy5wbGFjZXMudjEuUGxhY2VzLlNlYXJjaFRleHQQAhgEIAA,2026-05-19T18:36:13.781Z
fisioterapia,atleevo,cmpcz4ip4003nq1senpachbiv,MObE Sport Clinic 1,876 45 18 09,http://mobesportclinic.com/,medical_clinic,fitness_center;physiotherapist;gym;medical_clinic;government_office,Zaragoza,"C. de Francisco de Vitoria, 13, 50008 Zaragoza",4.9,158,https://maps.google.com/?cid=13985082378761112741&g_mp=Cidnb29nbGUubWFwcy5wbGFjZXMudjEuUGxhY2VzLlNlYXJjaFRleHQQAhgEIAA,2026-05-19T18:36:00.041Z
fisioterapia,atleevo,cmpcymd4x009pih9un6e4coab,moveBilbao entrenamiento y fisioterapia,627 45 25 50,https://movebilbao.es/,fitness_center,fitness_center;physiotherapist;gym;sports_complex;sports_activity_location,Bilbao,"Poza Lizentziatuaren Kalea, 71, Abando, 48013 Bilbao, Bizkaia",4.9,56,https://maps.google.com/?cid=14335950576763379876&g_mp=Cidnb29nbGUubWFwcy5wbGFjZXMudjEuUGxhY2VzLlNlYXJjaFRleHQQAhgEIAA,2026-05-19T18:21:53.025Z
fisioterapia,atleevo,cmpcyk5f7002bih9uhg8herwf,MovMent Barcelona,623 51 24 29,https://www.movmentbcn.com/,health,wellness_center;physiotherapist;medical_clinic;health;consultant,Barcelona,"Carrer d'Emèrita Augusta, 6, Les Corts, 08028 Barcelona",4.9,108,https://maps.google.com/?cid=4318655476243501776&g_mp=Cidnb29nbGUubWFwcy5wbGFjZXMudjEuUGxhY2VzLlNlYXJjaFRleHQQAhgEIAA,2026-05-19T18:20:09.683Z
fisioterapia,atleevo,cmpczezee00anq1semjz2629j,"MYOX: entrenamiento personal, fisioterapia, formación y tienda online",622 70 06 00,https://myox.fit/,health,physiotherapist;sports_school;medical_clinic;sporting_goods_store;health,Alicante,"Apdo. Correos, 110, 03530 La Nucia, Alicante",5,130,https://maps.google.com/?cid=12635439447243023295&g_mp=Cidnb29nbGUubWFwcy5wbGFjZXMudjEuUGxhY2VzLlNlYXJjaFRleHQQAhgEIAA,2026-05-19T18:44:08.246Z
fisioterapia,atleevo,cmpcz3v7o002xq1se4wnonspu,Optimo Sport Sevilla,673 93 19 15,https://www.optimosportclinic.com/,medical_clinic,physiotherapist;medical_clinic;consultant;service;health,Sevilla,"C. Camilo José Cela, 1, 41018 Sevilla",5,111,https://maps.google.com/?cid=15166982618251260546&g_mp=Cidnb29nbGUubWFwcy5wbGFjZXMudjEuUGxhY2VzLlNlYXJjaFRleHQQAhgEIAA,2026-05-19T18:35:29.604Z
fisioterapia,atleevo,cmpcz6ar1005yq1seqw1bk6e4,OSEOstudio,868 07 40 81,http://www.oseostudio.es/,health,physiotherapist;medical_clinic;health;consultant;service,Murcia,"Av. de Murcia, 25, 30110 Murcia",5,28,https://maps.google.com/?cid=17280072671394169920&g_mp=Cidnb29nbGUubWFwcy5wbGFjZXMudjEuUGxhY2VzLlNlYXJjaFRleHQQAhgEIAA,2026-05-19T18:37:23.053Z
fisioterapia,atleevo,cmpczg7fd00e3q1sepd3k7q36,OTIUM | Entrenamiento Personal y Fisioterapia,640 39 71 19,https://www.otiummovimientoysalud.com/,health,physiotherapist;consultant;health;point_of_interest;service,Valladolid,"P.º de Zorrilla, 91, 47007 Valladolid",4.9,52,https://maps.google.com/?cid=2980666820163114619&g_mp=Cidnb29nbGUubWFwcy5wbGFjZXMudjEuUGxhY2VzLlNlYXJjaFRleHQQAhgEIAA,2026-05-19T18:45:05.305Z
fisioterapia,atleevo,cmpcylksm0076ih9utm2pb0dx,Personalzaragoza,659 59 17 17,https://personalzaragoza.com/,health,physiotherapist;consultant;health;point_of_interest;service,Zaragoza,"Personal, C. de Juan Pablo Bonet, 7, 50006 Zaragoza",4.9,59,https://maps.google.com/?cid=5175157447363527288&g_mp=Cidnb29nbGUubWFwcy5wbGFjZXMudjEuUGxhY2VzLlNlYXJjaFRleHQQAhgEIAA,2026-05-19T18:21:16.294Z
fisioterapia,atleevo,cmpcyjpb2000rih9u1ornnuui,QURE - Entrenamiento personal y Fisioterapia,722 41 81 21,http://www.quremadrid.com/,health,wellness_center;consultant;medical_clinic;health;point_of_interest,Madrid,"Calle del Príncipe de Vergara, 128, Local 1, Chamartín, 28002 Madrid",5,126,https://maps.google.com/?cid=13876089825737342289&g_mp=Cidnb29nbGUubWFwcy5wbGFjZXMudjEuUGxhY2VzLlNlYXJjaFRleHQQAhgEIAA,2026-05-19T18:19:48.830Z
fisioterapia,atleevo,cmpcyl9ee0067ih9ux6cs3nh3,Training For Gold,955 04 76 93,http://www.trainingforgold.es/,health,physiotherapist;consultant;medical_clinic;health;point_of_interest,Sevilla,"C. de Castelar, 2, Casco Antiguo, 41001 Sevilla",4.8,56,https://maps.google.com/?cid=7692345646369615168&g_mp=Cidnb29nbGUubWFwcy5wbGFjZXMudjEuUGxhY2VzLlNlYXJjaFRleHQQAhgEIAA,2026-05-19T18:21:01.526Z
fisioterapia,atleevo,cmpczgzy500flq1seihjwtvu3,Vigoentrena,886 11 14 81,http://www.vigoentrena.es/,medical_clinic,physiotherapist;consultant;point_of_interest;medical_clinic;health,Vigo,"Rúa Celso Emilio Ferreiro, 7, bajo, Freijeiro, 36203 Vigo, Pontevedra",4.9,137,https://maps.google.com/?cid=15839563708065528154&g_mp=Cidnb29nbGUubWFwcy5wbGFjZXMudjEuUGxhY2VzLlNlYXJjaFRleHQQAhgEIAA,2026-05-19T18:45:42.269Z
fisioterapia,atleevo,cmpczjguc00kuq1senqau8fhy,VIVE VITORIA Fisioterapia y Entrenamiento Personal,653 87 20 79,https://viveentrenamientopersonalvitoria.com/,medical_clinic,medical_clinic;health;point_of_interest;establishment,Vitoria-Gasteiz,"Calle Ramon Ortiz de Zarate, 22, 01005 Vitoria-Gasteiz, Araba",5,19,https://maps.google.com/?cid=12971873044926491948&g_mp=Cidnb29nbGUubWFwcy5wbGFjZXMudjEuUGxhY2VzLlNlYXJjaFRleHQQAhgEIAA,2026-05-19T18:47:37.477Z
gimnasio-fitness,atleevo,cmpcz5lm1004gq1senaxj4a2h,AK fitness,627 72 87 28,,health,health;point_of_interest;service;establishment,Palma de Mallorca,"Carrer del Bisbe Maura, 15, Llevant, 07005 Palma, Illes Balears",5,4,https://maps.google.com/?cid=2572743767345236490&g_mp=Cidnb29nbGUubWFwcy5wbGFjZXMudjEuUGxhY2VzLlNlYXJjaFRleHQQAhgEIAA,2026-05-19T18:36:50.474Z
gimnasio-fitness,atleevo,cmpczeyw800alq1se36a3dqoa,Fitness saludable,678 13 61 29,,health,health;service;point_of_interest;establishment,Alicante,"Carrer Emigdio Santamaria, 16, 03201 Elx, Alicante",4.9,52,https://maps.google.com/?cid=17666785766143124796&g_mp=Cidnb29nbGUubWFwcy5wbGFjZXMudjEuUGxhY2VzLlNlYXJjaFRleHQQAhgEIAA,2026-05-19T18:44:07.593Z
gimnasio-fitness,atleevo,cmpczewgo00acq1sew73evbab,Fitnessfons,611 47 98 82,,health,consultant;service;health;point_of_interest;establishment,Alicante,"Calle Dr. Perez Mateos, 03550 Sant Joan d'Alacant, Alicante",4.9,88,https://maps.google.com/?cid=14112046755939493041&g_mp=Cidnb29nbGUubWFwcy5wbGFjZXMudjEuUGxhY2VzLlNlYXJjaFRleHQQAhgEIAA,2026-05-19T18:44:04.440Z
gimnasio-fitness,atleevo,cmpczfg2400c7q1seanuq3mci,Home Fitness Investments SL,957 84 27 76,,health,health;service;point_of_interest;establishment,Córdoba,"Pje. Jose Manuel Rodriguez Lopez, 6, Poniente Sur, 14005 Córdoba",4.8,30,https://maps.google.com/?cid=5585674348797089520&g_mp=Cidnb29nbGUubWFwcy5wbGFjZXMudjEuUGxhY2VzLlNlYXJjaFRleHQQAhgEIAA,2026-05-19T18:44:29.836Z
gimnasio-fitness,atleevo,cmpczj8bu00khq1sedgpoziz6,JR fitness,,,health,point_of_interest;health;service;establishment,A Coruña,15003 La Coruña,,,https://maps.google.com/?cid=10906699323671008658&g_mp=Cidnb29nbGUubWFwcy5wbGFjZXMudjEuUGxhY2VzLlNlYXJjaFRleHQQAhgEIAA,2026-05-19T18:47:26.443Z
gimnasio-fitness,atleevo,cmpczi48000idq1se9qd3seq7,RPM Fitness,629 64 48 41,,health,health;point_of_interest;service;establishment,Gijón,"C. San Rafael, 9, Gijon-Este, 33209 Gijón, Asturias",,,https://maps.google.com/?cid=17426795937705562254&g_mp=Cidnb29nbGUubWFwcy5wbGFjZXMudjEuUGxhY2VzLlNlYXJjaFRleHQQAhgEIAA,2026-05-19T18:46:34.465Z
gimnasio-fitness,atleevo,cmpcykc0x0030ih9uj5lp0om0,SANDO FITNESS,657 49 71 04,,health,point_of_interest;health;service;establishment,Barcelona,"Carrer de la Diputació, 294, Eixample, 08009 Barcelona",4.9,27,https://maps.google.com/?cid=6332906187328509574&g_mp=Cidnb29nbGUubWFwcy5wbGFjZXMudjEuUGxhY2VzLlNlYXJjaFRleHQQAhgEIAA,2026-05-19T18:20:18.274Z
gimnasio-fitness,atleevo,cmpczjtn900lrq1seb7qeutff,XZ Fitness,688 64 51 99,,health,health;point_of_interest;service;establishment,Vitoria-Gasteiz,"Ozeano Barearen Kalea, 01010 Vitoria-Gasteiz, Araba",,,https://maps.google.com/?cid=16104857002763225152&g_mp=Cidnb29nbGUubWFwcy5wbGFjZXMudjEuUGxhY2VzLlNlYXJjaFRleHQQAhgEIAA,2026-05-19T18:47:54.070Z
gimnasio-fitness,atleevo,cmpczaamo007yq1sedhf5y2im,YoinFitness,637 38 50 61,https://www.yointraining.com/yoinfitness,health,service;point_of_interest;health;establishment,Las Palmas de Gran Canaria,"C. Palafox, 23, 35010 Las Palmas de Gran Canaria, Las Palmas",5,7,https://maps.google.com/?cid=8945791538950008239&g_mp=Cidnb29nbGUubWFwcy5wbGFjZXMudjEuUGxhY2VzLlNlYXJjaFRleHQQAhgEIAA,2026-05-19T18:40:28.857Z
health,atleevo,cmpczhaf600gqq1se42evu3vc,Alex Gutiérrez. Readaptación al Movimiento.,604 06 63 31,http://www.alexreadaptacion.com/,health,service;health;point_of_interest;establishment,Vigo,"Calle, R. López Mora, 10, Entresuelo Derecha, 36211 Vigo, Pontevedra",4.9,17,https://maps.google.com/?cid=13967259250854864408&g_mp=Cidnb29nbGUubWFwcy5wbGFjZXMudjEuUGxhY2VzLlNlYXJjaFRleHQQAhgEIAA,2026-05-19T18:45:55.842Z
health,atleevo,cmpczimor00j1q1se56mtpnth,Amelia Roca,690 08 40 47,https://ameliaroca.es/,health,point_of_interest;health;service;establishment,A Coruña,"Rúa Milagros Rey Hombre, 4, 15009 A Coruña",5,41,https://maps.google.com/?cid=10558804937616784226&g_mp=Cidnb29nbGUubWFwcy5wbGFjZXMudjEuUGxhY2VzLlNlYXJjaFRleHQQAhgEIAA,2026-05-19T18:46:58.395Z
health,atleevo,cmpczkgdc00nrq1seab1rv66e,Andrés Campoy. Readaptación y Entrenamiento,683 62 00 31,http://www.andrescampoy.com/,health,health;service;point_of_interest;establishment,Granada,"C. Nueva de San Antón, 16, Centro, 18005 Granada",5,56,https://maps.google.com/?cid=15613358306842922897&g_mp=Cidnb29nbGUubWFwcy5wbGFjZXMudjEuUGxhY2VzLlNlYXJjaFRleHQQAhgEIAA,2026-05-19T18:48:23.520Z
health,atleevo,cmpczm5pi00qlq1se5z9z7xo6,Arashi Training (Sport & Art),680 63 84 56,,health,massage;consultant;point_of_interest;health;service,Santa Cruz de Tenerife,"C. Parte Caminos, 15, Local Bajo 1, 38107 Santa Cruz de Tenerife",4.9,13,https://maps.google.com/?cid=138806827167514891&g_mp=Cidnb29nbGUubWFwcy5wbGFjZXMudjEuUGxhY2VzLlNlYXJjaFRleHQQAhgEIAA,2026-05-19T18:49:43.015Z
health,atleevo,cmpcz9nmx007iq1se7txt01qb,Basik Entrenamiento,680 83 01 48,http://www.basikentrenamiento.com/,health,gym;service;sports_activity_location;point_of_interest;health,Las Palmas de Gran Canaria,"C. Jerónimo Falcón, 24, 35003 Las Palmas de Gran Canaria, Las Palmas",5,36,https://maps.google.com/?cid=13971146301632310547&g_mp=Cidnb29nbGUubWFwcy5wbGFjZXMudjEuUGxhY2VzLlNlYXJjaFRleHQQAhgEIAA,2026-05-19T18:39:59.721Z
health,atleevo,cmpcykoe30045ih9u6tb1scvy,Become,678 98 26 90,https://www.youarebecome.com/,health,point_of_interest;health;service;establishment,Valencia,"Av. de les Corts Valencianes, 35, 46183 L'Eliana, Valencia",5,54,https://maps.google.com/?cid=15913193186789801948&g_mp=Cidnb29nbGUubWFwcy5wbGFjZXMudjEuUGxhY2VzLlNlYXJjaFRleHQQAhgEIAA,2026-05-19T18:20:34.300Z
health,atleevo,cmpcz1yfb0003q1sea2uhj0m4,BECOME Madrid,611 95 69 29,,health,health;service;point_of_interest;establishment,Madrid,"C/ de Ponzano, 75, Chamberí, 28003 Madrid",5,98,https://maps.google.com/?cid=9521840127596675593&g_mp=Cidnb29nbGUubWFwcy5wbGFjZXMudjEuUGxhY2VzLlNlYXJjaFRleHQQAhgEIAA,2026-05-19T18:34:00.455Z
health,atleevo,cmpcymofj00avih9upxopmmao,Body & Mind,606 50 37 17,,health,health;point_of_interest;service;establishment,Bilbao,"Soka K., 11, Basurtu-Zorrotza, 48013 Bilbao, Bizkaia",5,1,https://maps.google.com/?cid=12879357796840008921&g_mp=Cidnb29nbGUubWFwcy5wbGFjZXMudjEuUGxhY2VzLlNlYXJjaFRleHQQAhgEIAA,2026-05-19T18:22:07.664Z
health,atleevo,cmpczfb8l00bqq1se1zgbgolp,BODY KITE,661 79 55 25,https://bodykite.es/,health,health;service;point_of_interest;establishment,Córdoba,"Av. Cañito Bazán, 14011 Córdoba",5,1,https://maps.google.com/?cid=2797107593170408610&g_mp=Cidnb29nbGUubWFwcy5wbGFjZXMudjEuUGxhY2VzLlNlYXJjaFRleHQQAhgEIAA,2026-05-19T18:44:23.589Z
health,atleevo,cmpczi4gz00ieq1sed76ezw58,Cabosport,667 46 80 45,,health,health;point_of_interest;service;establishment,Gijón,"Centro, 33210 Gijón, Asturias",,,https://maps.google.com/?cid=16852344847246850819&g_mp=Cidnb29nbGUubWFwcy5wbGFjZXMudjEuUGxhY2VzLlNlYXJjaFRleHQQAhgEIAA,2026-05-19T18:46:34.787Z
health,atleevo,cmpcyltgs0083ih9uu8vis3uk,CAF OSTEOPATIA Y ACONDICIONAMIENTO FÍSICO,691 87 06 11,http://www.cafentrenamientoyrecuperacion.com/,health,wellness_center;massage;sports_school;health;service,Zaragoza,"Calle Miguel Allué Salvador, 11, 1C, Casco Antiguo, 50001 Zaragoza",5,79,https://maps.google.com/?cid=4330175680247402075&g_mp=Cidnb29nbGUubWFwcy5wbGFjZXMudjEuUGxhY2VzLlNlYXJjaFRleHQQAhgEIAA,2026-05-19T18:21:27.533Z
health,atleevo,cmpczf6nb00b9q1seetp27295,Calum Córdoba,687 13 02 55,,health,health;service;point_of_interest;establishment,Córdoba,"C. Isla Alegranza, 4, Noroeste, 14011 Córdoba",5,82,https://maps.google.com/?cid=15524851021248024859&g_mp=Cidnb29nbGUubWFwcy5wbGFjZXMudjEuUGxhY2VzLlNlYXJjaFRleHQQAhgEIAA,2026-05-19T18:44:17.640Z
health,atleevo,cmpczm55k00qjq1se275wyen3,Canary Titan,601 33 59 95,,health,store;point_of_interest;health;service;establishment,Santa Cruz de Tenerife,"Av. de los Majuelos, 76, local 3, 38107 Santa Cruz de Tenerife",4.9,27,https://maps.google.com/?cid=2414037872946672269&g_mp=Cidnb29nbGUubWFwcy5wbGFjZXMudjEuUGxhY2VzLlNlYXJjaFRleHQQAhgEIAA,2026-05-19T18:49:42.296Z
health,atleevo,cmpczhytd00hsq1sen9ouh61m,Centro Asturbarra,639 48 48 12,,health,health;point_of_interest;service;establishment,Gijón,"Carr. de la Carbonera, 11, Centro, 33210 Gijón, Asturias",5,8,https://maps.google.com/?cid=6645576406328265835&g_mp=Cidnb29nbGUubWFwcy5wbGFjZXMudjEuUGxhY2VzLlNlYXJjaFRleHQQAhgEIAA,2026-05-19T18:46:27.458Z
health,atleevo,cmpczimfq00j0q1senejvmafq,Centrogst A Coruña,623 04 69 26,https://www.centrogst.com/,health,point_of_interest;health;service;establishment,A Coruña,"Pl. de Zalaeta, 4, Local 7, 15002 La Coruña",5,55,https://maps.google.com/?cid=5180978034359510325&g_mp=Cidnb29nbGUubWFwcy5wbGFjZXMudjEuUGxhY2VzLlNlYXJjaFRleHQQAhgEIAA,2026-05-19T18:46:58.070Z
health,atleevo,cmpczieg300ioq1sexlmrjf7c,Coaching Azul,647 83 46 59,http://www.coachingazul.com/,health,health;service;point_of_interest;establishment,Gijón,"3º A, C. San Bernardo, 40, Centro, 33201 Gijón, Asturias",4.3,11,https://maps.google.com/?cid=2824464714758632645&g_mp=Cidnb29nbGUubWFwcy5wbGFjZXMudjEuUGxhY2VzLlNlYXJjaFRleHQQAhgEIAA,2026-05-19T18:46:47.715Z
health,atleevo,cmpcz7peo006tq1seej6nyetk,Daples Triatlón,675 92 28 74,https://daplestriatlon.com/,health,health;point_of_interest;service;establishment,Murcia,"C. Periodista Julia Otero, 4, 30011 Los Dolores, Murcia",5,27,https://maps.google.com/?cid=5718310620818829179&g_mp=Cidnb29nbGUubWFwcy5wbGFjZXMudjEuUGxhY2VzLlNlYXJjaFRleHQQAhgEIAA,2026-05-19T18:38:28.705Z
health,atleevo,cmpczjqkq00lfq1seiljoloop,Dayana Frontado,653 73 66 66,http://dayanafrontado.com/,health,health;point_of_interest;service;establishment,Vitoria-Gasteiz,"Zapatari Kalea, 46, 01001 Vitoria-Gasteiz, Araba",,,https://maps.google.com/?cid=18247582215236544270&g_mp=Cidnb29nbGUubWFwcy5wbGFjZXMudjEuUGxhY2VzLlNlYXJjaFRleHQQAhgEIAA,2026-05-19T18:47:50.090Z
health,atleevo,cmpczi2xe00i8q1sepws7c4e4,Dinâmika,611 41 24 81,,health,health;point_of_interest;service;establishment,Gijón,"Calle Campo Sagrado, n° 53, bajo, Gijon-Este, 33205 Gijón, Asturias",5,4,https://maps.google.com/?cid=8224714943574575116&g_mp=Cidnb29nbGUubWFwcy5wbGFjZXMudjEuUGxhY2VzLlNlYXJjaFRleHQQAhgEIAA,2026-05-19T18:46:32.786Z
health,atleevo,cmpczlzpx00q0q1sehs3w44pg,DxD-Deporte x Diversión,689 63 85 32,https://www.instagram.com/dxd.deportexdiversion,health,service;point_of_interest;health;establishment,Santa Cruz de Tenerife,"Cam. la Piterita, 107, Nave 5, 38329 La Laguna, Santa Cruz de Tenerife",4.9,151,https://maps.google.com/?cid=10006243788178668241&g_mp=Cidnb29nbGUubWFwcy5wbGFjZXMudjEuUGxhY2VzLlNlYXJjaFRleHQQAhgEIAA,2026-05-19T18:49:35.254Z
health,atleevo,cmpczgidp00f9q1sej5n3vq7n,Eclosion Coaching,627 96 55 58,http://www.eclosioncoaching.com/blog/,health,health;service;point_of_interest;establishment,Valladolid,"C. Ramón Núñez, 1, 1ºA, 47003 Valladolid",5,10,https://maps.google.com/?cid=6584733816016963872&g_mp=Cidnb29nbGUubWFwcy5wbGFjZXMudjEuUGxhY2VzLlNlYXJjaFRleHQQAhgEIAA,2026-05-19T18:45:19.502Z
health,atleevo,cmpcymezt009wih9uc5p6tj4x,Efecto Dorsal,665 74 37 52,http://www.efectodorsal.es/,health,health;point_of_interest;service;establishment,Bilbao,"Calle General Eguía, 18, Abando, 48010 Bilbao, Vizcaya",4.9,49,https://maps.google.com/?cid=437390276731357985&g_mp=Cidnb29nbGUubWFwcy5wbGFjZXMudjEuUGxhY2VzLlNlYXJjaFRleHQQAhgEIAA,2026-05-19T18:21:55.433Z
health,atleevo,cmpcz1zx00006q1sedh94t7ul,ENTRENATERAPIA - Entrenamientos Personalizados,664 08 78 65,http://www.entrenaterapia.com/,health,health;service;point_of_interest;establishment,Madrid,"C. de Fermín Caballero, Fuencarral-El Pardo, 28034 Madrid",5,135,https://maps.google.com/?cid=11729489255031335368&g_mp=Cidnb29nbGUubWFwcy5wbGFjZXMudjEuUGxhY2VzLlNlYXJjaFRleHQQAhgEIAA,2026-05-19T18:34:02.389Z
health,atleevo,cmpcykkra003rih9utkdvcjd2,ESPACIO CX,611 63 91 83,https://espaciocx.com/,health,point_of_interest;health;service;establishment,Valencia,"C/ de la Pobla de Farnals, 29, Camins al Grau, 46021 València, Valencia",4.9,399,https://maps.google.com/?cid=11157536161082947289&g_mp=Cidnb29nbGUubWFwcy5wbGFjZXMudjEuUGxhY2VzLlNlYXJjaFRleHQQAhgEIAA,2026-05-19T18:20:29.591Z
health,atleevo,cmpcylnbp007gih9uyu0qcfwf,Espalda 360,603 02 46 27,https://espalda360.com/,health,health;point_of_interest;service;establishment,Zaragoza,"Calle Poeta León Felipe, 11, 50018 Zaragoza",5,19,https://maps.google.com/?cid=7348756441395615052&g_mp=Cidnb29nbGUubWFwcy5wbGFjZXMudjEuUGxhY2VzLlNlYXJjaFRleHQQAhgEIAA,2026-05-19T18:21:19.573Z
health,atleevo,cmpcz2ce2000xq1ses6q502vi,Estarenforma,629 48 17 96,http://www.estarenforma.com/?utm_source=gmb&utm_medium=organic&utm_campaign=google-my-business,health,health;point_of_interest;service;establishment,Madrid,"C. de Narváez, 30, Retiro, 28009 Madrid",4.9,19,https://maps.google.com/?cid=9651887416962022644&g_mp=Cidnb29nbGUubWFwcy5wbGFjZXMudjEuUGxhY2VzLlNlYXJjaFRleHQQAhgEIAA,2026-05-19T18:34:18.554Z
health,atleevo,cmpcz5ncn004iq1se8j7nyp6g,Fit Tone,684 05 37 65,,health,point_of_interest;health;service;establishment,Palma de Mallorca,"Carrer de la Vinyassa, 4, Llevant, 07005 Palma, Illes Balears",5,1,https://maps.google.com/?cid=3430182735118818808&g_mp=Cidnb29nbGUubWFwcy5wbGFjZXMudjEuUGxhY2VzLlNlYXJjaFRleHQQAhgEIAA,2026-05-19T18:36:52.728Z
health,atleevo,cmpcyl1cz005cih9u8nzuwp1r,FitFree,674 42 80 98,,health,service;health;point_of_interest;establishment,Sevilla,"Calle Pedro Pérez Fernández, 41011 Sevilla",5,63,https://maps.google.com/?cid=3277992757853274151&g_mp=Cidnb29nbGUubWFwcy5wbGFjZXMudjEuUGxhY2VzLlNlYXJjaFRleHQQAhgEIAA,2026-05-19T18:20:51.108Z
health,atleevo,cmpczf9g700bkq1sewjv534rt,Fitlife Córdoba,623 76 09 40,https://fitlifecordoba.com/,health,health;service;point_of_interest;establishment,Córdoba,"Pl. de Andalucía, esquina con, Av. de Cádiz, Local 4, Sur, 14013 Córdoba",5,22,https://maps.google.com/?cid=2984189096072743592&g_mp=Cidnb29nbGUubWFwcy5wbGFjZXMudjEuUGxhY2VzLlNlYXJjaFRleHQQAhgEIAA,2026-05-19T18:44:21.272Z
health,atleevo,cmpcz9o74007jq1see0wvstf9,FitLife Triana,667 78 61 18,,health,service;point_of_interest;health;establishment,Las Palmas de Gran Canaria,"C. Canalejas, 7, 35001 Las Palmas de Gran Canaria, Las Palmas",5,28,https://maps.google.com/?cid=5213368004154902769&g_mp=Cidnb29nbGUubWFwcy5wbGFjZXMudjEuUGxhY2VzLlNlYXJjaFRleHQQAhgEIAA,2026-05-19T18:40:00.448Z
health,atleevo,cmpcza2zh007tq1se9llzwfpe,Fuerza & Salud,624 64 27 66,,health,service;point_of_interest;health;establishment,Las Palmas de Gran Canaria,"C. Fernando Guanarteme, 128, 35010 Las Palmas de Gran Canaria, Las Palmas",4.9,14,https://maps.google.com/?cid=6569212890331688301&g_mp=Cidnb29nbGUubWFwcy5wbGFjZXMudjEuUGxhY2VzLlNlYXJjaFRleHQQAhgEIAA,2026-05-19T18:40:19.614Z
health,atleevo,cmpczfile00chq1seij5pfg6j,Functional Recovery,620 23 37 74,,health,health;service;point_of_interest;establishment,Córdoba,"Jose Maria Martorell, 30, Poniente Sur, 14005 Córdoba",4.4,9,https://maps.google.com/?cid=9594587220374650793&g_mp=Cidnb29nbGUubWFwcy5wbGFjZXMudjEuUGxhY2VzLlNlYXJjaFRleHQQAhgEIAA,2026-05-19T18:44:33.122Z
health,atleevo,cmpcymfbp009xih9u17y7eoop,GOTI Readaptación y Entrenamiento,670 22 77 24,,health,health;point_of_interest;service;establishment,Bilbao,"Zugastinobia Kalea, 6, Errekalde, 48012 Bilbao, Bizkaia",5,20,https://maps.google.com/?cid=2031962098322553232&g_mp=Cidnb29nbGUubWFwcy5wbGFjZXMudjEuUGxhY2VzLlNlYXJjaFRleHQQAhgEIAA,2026-05-19T18:21:55.862Z
health,atleevo,cmpczkfd500nnq1se6huo6mu0,GRANADA BIOMEC,622 01 53 80,,health,consultant;health;service;point_of_interest;establishment,Granada,"C. Cádiar, 10, Ronda, 18003 Granada",5,36,https://maps.google.com/?cid=11564212939152637102&g_mp=Cidnb29nbGUubWFwcy5wbGFjZXMudjEuUGxhY2VzLlNlYXJjaFRleHQQAhgEIAA,2026-05-19T18:48:22.218Z
health,atleevo,cmpczl1cg00o6q1se46sm9mvu,Group Training Elche,686 62 96 65,,health,health;service;point_of_interest;establishment,Elche,"Carrer Francisco Vicente Rodriguez, 21, 03202 Elx, Alicante",5,16,https://maps.google.com/?cid=8355967223862194998&g_mp=Cidnb29nbGUubWFwcy5wbGFjZXMudjEuUGxhY2VzLlNlYXJjaFRleHQQAhgEIAA,2026-05-19T18:48:50.704Z
health,atleevo,cmpczfhu200ceq1segbyerr6j,Health in Motion,658 51 19 82,http://www.facebook.com/hinmotioncor/,health,health;service;point_of_interest;establishment,Córdoba,"Health in Motion, C. Marie Curie, local s/n, Noroeste, 14011 Córdoba",4.8,4,https://maps.google.com/?cid=4007367377938363030&g_mp=Cidnb29nbGUubWFwcy5wbGFjZXMudjEuUGxhY2VzLlNlYXJjaFRleHQQAhgEIAA,2026-05-19T18:44:32.139Z
health,atleevo,cmpcykt3h004nih9uwsrv3bg8,Healthy Studio Valencia,656 36 46 68,https://www.instagram.com/healthystudio.training/,health,health;point_of_interest;service;establishment,Valencia,"C/ de l'Historiador Diago, 29, derecha, Extramurs, 46007 València, Valencia",5,19,https://maps.google.com/?cid=9132533185738027729&g_mp=Cidnb29nbGUubWFwcy5wbGFjZXMudjEuUGxhY2VzLlNlYXJjaFRleHQQAhgEIAA,2026-05-19T18:20:40.398Z
health,atleevo,cmpczhxb200hmq1sexng64dll,Holos Estudio Fitnees,677 05 79 67,,health,health;point_of_interest;service;establishment,Gijón,"Av. de José Manuel Palacio Álvarez, 7, Gijon-Oeste, 33212 Gijón, Asturias",5,4,https://maps.google.com/?cid=7836989500678531503&g_mp=Cidnb29nbGUubWFwcy5wbGFjZXMudjEuUGxhY2VzLlNlYXJjaFRleHQQAhgEIAA,2026-05-19T18:46:25.503Z
health,atleevo,cmpczfvv000deq1sehvg6nk2y,Instructor de Tiro.,0351 344-4443,,health,health;service;point_of_interest;establishment,Córdoba,"Malagueño 1196, X5016 Córdoba, Argentina",5,4,https://maps.google.com/?cid=17373425190057240517&g_mp=Cidnb29nbGUubWFwcy5wbGFjZXMudjEuUGxhY2VzLlNlYXJjaFRleHQQAhgEIAA,2026-05-19T18:44:50.316Z
health,atleevo,cmpcyn5ie00cfih9u8xiboigd,Iron Point,681 96 75 81,https://www.ironpoint.es/,health,health;service;point_of_interest;establishment,Mallorca,"Carrer Llorenç Riber, Llevant, 07005 Palma, Illes Balears",5,1,https://maps.google.com/?cid=14852102757094155829&g_mp=Cidnb29nbGUubWFwcy5wbGFjZXMudjEuUGxhY2VzLlNlYXJjaFRleHQQAhgEIAA,2026-05-19T18:22:29.798Z
health,atleevo,cmpcz3b4s0027q1set9xw5jv6,Iván Carrillo Readaptador y Preparador físico,627 33 76 92,https://clinicasospedra.com/,health,service;health;point_of_interest;establishment,Valencia,"Carrer de Vicent Sancho Tello, 6, El Pla del Real, 46021 València, Valencia",,,https://maps.google.com/?cid=13514131935924410073&g_mp=Cidnb29nbGUubWFwcy5wbGFjZXMudjEuUGxhY2VzLlNlYXJjaFRleHQQAhgEIAA,2026-05-19T18:35:03.580Z
health,atleevo,cmpczkafw00n4q1se648zlqpn,JCBlasco | Readaptación Lumbar,624 42 69 52,https://juancarlosblasco.es/,health,service;health;point_of_interest;establishment,Granada,"Pl. Poeta Garcilaso de la Vega, 7, Beiro, 18013 Granada",5,12,https://maps.google.com/?cid=12320927354888271223&g_mp=Cidnb29nbGUubWFwcy5wbGFjZXMudjEuUGxhY2VzLlNlYXJjaFRleHQQAhgEIAA,2026-05-19T18:48:15.837Z
health,atleevo,cmpczfoko00cnq1se2lqq8bfw,JustGo Team,03546 43-9794,,health,health;service;point_of_interest;establishment,Córdoba,"David Luque 1175, X5008 Córdoba, Argentina",5,35,https://maps.google.com/?cid=5952937279529409829&g_mp=Cidnb29nbGUubWFwcy5wbGFjZXMudjEuUGxhY2VzLlNlYXJjaFRleHQQAhgEIAA,2026-05-19T18:44:40.873Z
health,atleevo,cmpczm7d600qrq1se0kxgtnmn,KAI Centro de Entrenamiento,614 08 63 35,,health,service;health;point_of_interest;establishment,Santa Cruz de Tenerife,"C. Osa Menor, 53, 38205 La Laguna, Santa Cruz de Tenerife",5,3,https://maps.google.com/?cid=1911320539276188994&g_mp=Cidnb29nbGUubWFwcy5wbGFjZXMudjEuUGxhY2VzLlNlYXJjaFRleHQQAhgEIAA,2026-05-19T18:49:45.162Z
health,atleevo,cmpcz7ps9006uq1sejodibvak,Lion Mode,698 94 19 91,https://www.lionmode.es/,health,health;service;point_of_interest;establishment,Murcia,"C. Arturo Duperier, 9B, 30009 Murcia",5,12,https://maps.google.com/?cid=303160120969460586&g_mp=Cidnb29nbGUubWFwcy5wbGFjZXMudjEuUGxhY2VzLlNlYXJjaFRleHQQAhgEIAA,2026-05-19T18:38:29.194Z
health,atleevo,cmpczi3xs00icq1sein3nzorn,Maneras de vivir,687 57 45 67,,health,health;point_of_interest;service;establishment,Gijón,"C. Río Nervión, 6, 2 D, Gijon-Sur, 33210 Gijón, Asturias",,,https://maps.google.com/?cid=1592056221349456468&g_mp=Cidnb29nbGUubWFwcy5wbGFjZXMudjEuUGxhY2VzLlNlYXJjaFRleHQQAhgEIAA,2026-05-19T18:46:34.097Z
health,atleevo,cmpcz2dog0012q1setwmx9ut1,Maxi Gondar Readaptador Deportivo Readaptador Físico Madrid,601 11 16 04,https://maxientrenadorpersonal.com/,health,health;point_of_interest;service;establishment,Madrid,"C/ de la Diversidad, 1, 28922 Alcorcón, Madrid",5,10,https://maps.google.com/?cid=1817151480342207127&g_mp=Cidnb29nbGUubWFwcy5wbGFjZXMudjEuUGxhY2VzLlNlYXJjaFRleHQQAhgEIAA,2026-05-19T18:34:20.224Z
health,atleevo,cmpcyn7jn00cnih9u8fwrf7ah,ME Esport i Salut,683 50 82 17,,health,health;service;point_of_interest;establishment,Mallorca,"C. de Manacor, 60, Llevant, 07006 Palma, Illes Balears",5,14,https://maps.google.com/?cid=3689621204646877608&g_mp=Cidnb29nbGUubWFwcy5wbGFjZXMudjEuUGxhY2VzLlNlYXJjaFRleHQQAhgEIAA,2026-05-19T18:22:32.435Z
health,atleevo,cmpczl7ty00ouq1seuo6cs012,Método BMT. Especialistas en Neuromecánica Funcional,655 54 91 15,http://grupobmt.com/,health,health;service;point_of_interest;establishment,Elche,"C. Vicente Antón Selva, 23, Piso 2-3, 03203 Elx, Alicante",4.9,116,https://maps.google.com/?cid=17991942676244389824&g_mp=Cidnb29nbGUubWFwcy5wbGFjZXMudjEuUGxhY2VzLlNlYXJjaFRleHQQAhgEIAA,2026-05-19T18:48:59.111Z
health,atleevo,cmpczbn0y008pq1sehy1joq1n,MiaKtive Center,644 33 90 15,https://www.instagram.com/miaktive/?hl=es,health,service;health;point_of_interest;establishment,Alicante,"Carrer Sant Joan Bosco, 21, 03005 Alacant, Alicante",5,125,https://maps.google.com/?cid=15351673418354741301&g_mp=Cidnb29nbGUubWFwcy5wbGFjZXMudjEuUGxhY2VzLlNlYXJjaFRleHQQAhgEIAA,2026-05-19T18:41:32.243Z
health,atleevo,cmpczf8or00bhq1se1am3qgg1,Momentum Córdoba,604 99 63 45,https://momentumcordoba.es/,health,health;service;point_of_interest;establishment,Córdoba,"Av. de la Arruzafilla, 12, 14011 Córdoba",5,39,https://maps.google.com/?cid=6196951993845640708&g_mp=Cidnb29nbGUubWFwcy5wbGFjZXMudjEuUGxhY2VzLlNlYXJjaFRleHQQAhgEIAA,2026-05-19T18:44:20.284Z
health,atleevo,cmpczjimb00l1q1sefdgymsjb,MOVEMENT & HEALTH,603 66 20 06,http://mhvitoria.com/,health,health;point_of_interest;service;establishment,Vitoria-Gasteiz,"P.º de la Senda, 15, BAJO, 01007 Vitoria-Gasteiz, Álava",4.8,10,https://maps.google.com/?cid=4495156022697250128&g_mp=Cidnb29nbGUubWFwcy5wbGFjZXMudjEuUGxhY2VzLlNlYXJjaFRleHQQAhgEIAA,2026-05-19T18:47:39.779Z
health,atleevo,cmpcymlti00alih9ukc6jm0yb,NMB Coach,,http://www.nmbcoach.com/,health,massage;health;service;point_of_interest;establishment,Bilbao,"C. Jardines, 10, 1ºDcha, Ibaiondo, 48005 Bilbao, Vizcaya",5,3,https://maps.google.com/?cid=1428231436339299050&g_mp=Cidnb29nbGUubWFwcy5wbGFjZXMudjEuUGxhY2VzLlNlYXJjaFRleHQQAhgEIAA,2026-05-19T18:22:04.279Z
health,atleevo,cmpcyktlq004pih9ub6jfpiq4,Nolbert Fit & Wellness Valencia Es,657 05 57 03,,health,health;point_of_interest;service;establishment,Valencia,"Plaça del Poeta Vicente Gaos, 3, Algirós, 46021 València, Valencia",5,10,https://maps.google.com/?cid=9428624889781492649&g_mp=Cidnb29nbGUubWFwcy5wbGFjZXMudjEuUGxhY2VzLlNlYXJjaFRleHQQAhgEIAA,2026-05-19T18:20:41.054Z
health,atleevo,cmpczfgb300c8q1segmw1lmdg,Nutrieca,614 98 76 08,,health,health;consultant;service;point_of_interest;establishment,Córdoba,"Av. Arroyo del Moro, 25, Noroeste, 14011 Córdoba",5,20,https://maps.google.com/?cid=5377192819567782775&g_mp=Cidnb29nbGUubWFwcy5wbGFjZXMudjEuUGxhY2VzLlNlYXJjaFRleHQQAhgEIAA,2026-05-19T18:44:30.159Z
health,atleevo,cmpcz39l60022q1sejoraycl2,Nutrilift,960 15 10 38,http://nutriliftvalencia.com/,health,consultant;service;health;point_of_interest;establishment,Valencia,"C. Villa de Muro, 5, Bajo izquierda, Benimaclet, 46020 Valencia",4.9,81,https://maps.google.com/?cid=16469614888812868741&g_mp=Cidnb29nbGUubWFwcy5wbGFjZXMudjEuUGxhY2VzLlNlYXJjaFRleHQQAhgEIAA,2026-05-19T18:35:01.578Z
health,atleevo,cmpczh7m000gfq1sejvwot0gg,Oposiciones David Gómez - Oly (Vigo),654 32 46 99,https://davidgomezoposiciones.com/,health,health;service;point_of_interest;establishment,Vigo,"Rúa Manuel de Castro, 7, Coia, 36210 Vigo, Pontevedra",5,42,https://maps.google.com/?cid=17115961073995491748&g_mp=Cidnb29nbGUubWFwcy5wbGFjZXMudjEuUGxhY2VzLlNlYXJjaFRleHQQAhgEIAA,2026-05-19T18:45:52.200Z
health,atleevo,cmpczi0lb00hzq1se4tavkmwj,P3 wellness,,,health,health;point_of_interest;service;establishment,Gijón,"C. Sáhara, 2, Centro, 33208 Gijón, Asturias",5,1,https://maps.google.com/?cid=13847873270626655209&g_mp=Cidnb29nbGUubWFwcy5wbGFjZXMudjEuUGxhY2VzLlNlYXJjaFRleHQQAhgEIAA,2026-05-19T18:46:29.759Z
health,atleevo,cmpcymk7h00afih9u5bd7agq2,Pal Deporte Bilbao,612 41 80 28,https://www.instagram.com/paldeportebilbao/,health,health;service;point_of_interest;establishment,Bilbao,"Bda. Sarrikue Auzunea, 2, 3E, 48007 Bilbao, Vizcaya",5,12,https://maps.google.com/?cid=3541052645127587412&g_mp=Cidnb29nbGUubWFwcy5wbGFjZXMudjEuUGxhY2VzLlNlYXJjaFRleHQQAhgEIAA,2026-05-19T18:22:02.190Z
health,atleevo,cmpcyn2ji00c4ih9uiq0zevk9,Pau Herrera,696 48 59 08,,health,point_of_interest;health;service;establishment,Mallorca,"Carrer de Francesc Martí i Móra, 64, Ponent, 07011 Palma, Illes Balears",5,49,https://maps.google.com/?cid=5368567948555735719&g_mp=Cidnb29nbGUubWFwcy5wbGFjZXMudjEuUGxhY2VzLlNlYXJjaFRleHQQAhgEIAA,2026-05-19T18:22:25.919Z
health,atleevo,cmpczi58x00ihq1se5b4l92lr,Pausansi,623 98 78 50,https://pausansi.com/,health,health;point_of_interest;service;establishment,Gijón,"C. Capua, 13, bajo, Centro, 33202 Gijón, Asturias",5,6,https://maps.google.com/?cid=10682061507305173069&g_mp=Cidnb29nbGUubWFwcy5wbGFjZXMudjEuUGxhY2VzLlNlYXJjaFRleHQQAhgEIAA,2026-05-19T18:46:35.793Z
health,atleevo,cmpcym4yx0093ih9uzbouz15n,PRD Readaptación,611 87 55 88,,health,health;service;point_of_interest;establishment,Málaga,"C. Natalia, 12, Distrito Centro, 29009 Málaga",5,21,https://maps.google.com/?cid=10015140373206811638&g_mp=Cidnb29nbGUubWFwcy5wbGFjZXMudjEuUGxhY2VzLlNlYXJjaFRleHQQAhgEIAA,2026-05-19T18:21:42.442Z
health,atleevo,cmpczfv3l00dbq1seat0ahevg,QUIERO,0351 353-4333,https://quierobioexistencia.webnode.com/,health,wholesaler;health;service;point_of_interest;establishment,Córdoba,"Obispo Videla del Pino, X5009 Córdoba, Argentina",5,13,https://maps.google.com/?cid=9328624022292607077&g_mp=Cidnb29nbGUubWFwcy5wbGFjZXMudjEuUGxhY2VzLlNlYXJjaFRleHQQAhgEIAA,2026-05-19T18:44:49.330Z
health,atleevo,cmpd0swvd000b13noa7vjuz99,Reto Metabólico,677 89 91 71,,health,service;health;point_of_interest;establishment,,"C. Luis Doreste Silva, 107, 35005 Las Palmas de Gran Canaria, Las Palmas",,,https://maps.google.com/?cid=1556550972738975226&g_mp=Cidnb29nbGUubWFwcy5wbGFjZXMudjEuUGxhY2VzLlNlYXJjaFRleHQQAhgEIAA,2026-05-19T19:22:57.770Z
health,atleevo,cmpczil6i00ivq1se9vhhcasw,RRSalud,674 32 67 77,http://www.rrsalud.com/,health,point_of_interest;health;service;establishment,A Coruña,"Rda. de Outeiro, 318, 15011 La Coruña",4.9,187,https://maps.google.com/?cid=8278614841159922229&g_mp=Cidnb29nbGUubWFwcy5wbGFjZXMudjEuUGxhY2VzLlNlYXJjaFRleHQQAhgEIAA,2026-05-19T18:46:56.442Z
health,atleevo,cmpczmsd500riq1seoq6rikp9,Rudefit,628 66 32 03,http://rude.fit/,health,health;point_of_interest;service;establishment,Santa Cruz de Tenerife,"C. Enrique Martin Nuñez, 5, 38206 La Laguna, Santa Cruz de Tenerife",5,41,https://maps.google.com/?cid=3833119157823777733&g_mp=Cidnb29nbGUubWFwcy5wbGFjZXMudjEuUGxhY2VzLlNlYXJjaFRleHQQAhgEIAA,2026-05-19T18:50:12.378Z
health,atleevo,cmpcz90yc0076q1sepg7vfp4u,Runhábitat,613 01 08 02,http://www.runhabitat.es/,health,health;service;point_of_interest;establishment,Las Palmas de Gran Canaria,"C. Pintor Nicolás Massieu, 10, bajo, 35018 Las Palmas de Gran Canaria, Las Palmas",5,100,https://maps.google.com/?cid=17473062684143456471&g_mp=Cidnb29nbGUubWFwcy5wbGFjZXMudjEuUGxhY2VzLlNlYXJjaFRleHQQAhgEIAA,2026-05-19T18:39:30.325Z
health,atleevo,cmpczfs0k00d0q1seym2ydjgw,SALGADODELRIO,0351 858-0480,,health,health;service;point_of_interest;establishment,Córdoba,"Carlos A. Becú 3298, X5016EWL Córdoba, Argentina",5,5,https://maps.google.com/?cid=13304220850125408279&g_mp=Cidnb29nbGUubWFwcy5wbGFjZXMudjEuUGxhY2VzLlNlYXJjaFRleHQQAhgEIAA,2026-05-19T18:44:45.332Z
health,atleevo,cmpczm16n00q5q1sep58wmyot,SALUD Y FUERZA,628 20 00 34,https://saludyfuerza.wodbuster.com/,health,point_of_interest;health;service;establishment,Santa Cruz de Tenerife,"C. Elías Ramos González, 1, 38001 Santa Cruz de Tenerife",5,37,https://maps.google.com/?cid=17728960112044936482&g_mp=Cidnb29nbGUubWFwcy5wbGFjZXMudjEuUGxhY2VzLlNlYXJjaFRleHQQAhgEIAA,2026-05-19T18:49:37.151Z
health,atleevo,cmpczfd3700bwq1se6cylx6tx,SISTOLE,624 46 40 70,,health,health;service;point_of_interest;establishment,Córdoba,"Av. de la Arruzafa, 2, Nte. Sierra, 14012 Córdoba",5,8,https://maps.google.com/?cid=4382692986932986011&g_mp=Cidnb29nbGUubWFwcy5wbGFjZXMudjEuUGxhY2VzLlNlYXJjaFRleHQQAhgEIAA,2026-05-19T18:44:25.987Z
health,atleevo,cmpczm36f00qcq1se6lwe1m92,SportWell,641 26 06 57,,health,point_of_interest;health;service;establishment,Santa Cruz de Tenerife,"Ctra. General Puerto Cruz - Arenas, 31, 38400 Puerto de la Cruz, Santa Cruz de Tenerife",5,84,https://maps.google.com/?cid=8406022664172502084&g_mp=Cidnb29nbGUubWFwcy5wbGFjZXMudjEuUGxhY2VzLlNlYXJjaFRleHQQAhgEIAA,2026-05-19T18:49:39.736Z
health,atleevo,cmpcz27pa000iq1se1m9pevvx,T-center,910 56 95 16,http://www.tcenter.es/,health,health;service;point_of_interest;establishment,Madrid,"C. Informática, 6, 28923 Alcorcón, Madrid",4.9,204,https://maps.google.com/?cid=43655524650727211&g_mp=Cidnb29nbGUubWFwcy5wbGFjZXMudjEuUGxhY2VzLlNlYXJjaFRleHQQAhgEIAA,2026-05-19T18:34:12.478Z
health,atleevo,cmpczh8vm00gkq1seyjqed0s2,The Invisible Center,629 12 07 19,,health,consultant;store;service;health;point_of_interest,Vigo,"Calle, Rúa Velázquez Moreno, nº7A, 36201 Vigo, Pontevedra",5,13,https://maps.google.com/?cid=4429323262113519585&g_mp=Cidnb29nbGUubWFwcy5wbGFjZXMudjEuUGxhY2VzLlNlYXJjaFRleHQQAhgEIAA,2026-05-19T18:45:53.843Z
health,atleevo,cmpczfgto00caq1se9js0ptxw,Tu Movimiento Saludable,717 71 42 46,,health,health;service;point_of_interest;establishment,Córdoba,"C. Pintor Espinosa, 14004 Córdoba",5,1,https://maps.google.com/?cid=8276490175047921181&g_mp=Cidnb29nbGUubWFwcy5wbGFjZXMudjEuUGxhY2VzLlNlYXJjaFRleHQQAhgEIAA,2026-05-19T18:44:30.797Z
health,atleevo,cmpcz24py000cq1se0lvxpt7e,Under Track,642 92 55 04,https://undertrackcenter.com/,health,health;service;point_of_interest;establishment,Madrid,"C. de Ruiz Perelló, 12, Salamanca, 28028 Madrid",5,80,https://maps.google.com/?cid=11736020626501983098&g_mp=Cidnb29nbGUubWFwcy5wbGFjZXMudjEuUGxhY2VzLlNlYXJjaFRleHQQAhgEIAA,2026-05-19T18:34:08.615Z
health,atleevo,cmpcz5x83004oq1sefcu3zndb,Venancio Nicolau Calafell,601 05 35 67,https://www.venancionicolau.com/,health,service;health;point_of_interest;establishment,Palma de Mallorca,"C/Joan Pons, i, Carrer d'Antoni Marquès, 6, Ponent, 07011 Palma, Illes Balears",5,9,https://maps.google.com/?cid=17276724904941763011&g_mp=Cidnb29nbGUubWFwcy5wbGFjZXMudjEuUGxhY2VzLlNlYXJjaFRleHQQAhgEIAA,2026-05-19T18:37:05.523Z
health,atleevo,cmpcym4gj0091ih9u9y8ot54g,VERSATILE TRAINING MÁLAGA,660 94 16 23,,health,health;service;point_of_interest;establishment,Málaga,"Av. del Editor Ángel Caffarena, 8, Teatinos-Universidad, 29010 Málaga",4.9,30,https://maps.google.com/?cid=17909708147815580187&g_mp=Cidnb29nbGUubWFwcy5wbGFjZXMudjEuUGxhY2VzLlNlYXJjaFRleHQQAhgEIAA,2026-05-19T18:21:41.780Z
health,atleevo,cmpczg9pg00ecq1segrqf9aak,VIGUA,614 58 24 64,http://www.vigua.es/,health,wellness_center;health;point_of_interest;service;establishment,Valladolid,"P.º de Juan Carlos I, 63A, Bajo, 47012 Valladolid",5,28,https://maps.google.com/?cid=5878337344136166720&g_mp=Cidnb29nbGUubWFwcy5wbGFjZXMudjEuUGxhY2VzLlNlYXJjaFRleHQQAhgEIAA,2026-05-19T18:45:08.261Z
health,atleevo,cmpcz77o0006dq1sey1tq4d1i,VISTABELLA SPORT,686 80 90 56,,health,health;service;point_of_interest;establishment,Murcia,"C. Antonio Torrecillas, 5, 30003 Murcia",5,1,https://maps.google.com/?cid=16886478405330452955&g_mp=Cidnb29nbGUubWFwcy5wbGFjZXMudjEuUGxhY2VzLlNlYXJjaFRleHQQAhgEIAA,2026-05-19T18:38:05.713Z
health,atleevo,cmpcz39cf0021q1se0xl05pwp,VITALTRAIN Salud Integrativa,640 92 42 38,https://www.vitaltrain.com/,health,consultant;service;health;point_of_interest;establishment,Valencia,"C/ de Sorní, 40, Bajo, L'Eixample, 46004 València, Valencia",4.9,76,https://maps.google.com/?cid=766714780393774772&g_mp=Cidnb29nbGUubWFwcy5wbGFjZXMudjEuUGxhY2VzLlNlYXJjaFRleHQQAhgEIAA,2026-05-19T18:35:01.263Z
health,atleevo,cmpcylr78007vih9ut8ac64tg,WashingFlow,605 21 77 55,https://washingflow.com/,health,health;service;point_of_interest;establishment,Zaragoza,"Av. de Cesáreo Alierta, 16, 50008 Zaragoza",5,50,https://maps.google.com/?cid=17606657342921503948&g_mp=Cidnb29nbGUubWFwcy5wbGFjZXMudjEuUGxhY2VzLlNlYXJjaFRleHQQAhgEIAA,2026-05-19T18:21:24.596Z
health,atleevo,cmpczhb6300gtq1sedvnxrn17,ZONA CENTRO ENTRENAMIENTO,613 06 61 88,https://www.instagram.com/zonacentro_entrenamiento/,health,service;health;point_of_interest;establishment,Vigo,"Rúa da Ronda de Don Bosco, 30, Santiago de Vigo, 36202 Vigo, Pontevedra",,,https://maps.google.com/?cid=12788669818008524611&g_mp=Cidnb29nbGUubWFwcy5wbGFjZXMudjEuUGxhY2VzLlNlYXJjaFRleHQQAhgEIAA,2026-05-19T18:45:56.811Z
health,atleevo,cmpczim6q00izq1se7lh7rkfg,ZonaMV,652 12 24 74,https://zonamv.com/,health,point_of_interest;health;service;establishment,A Coruña,"P.º de Rda., 24, bajo, 15011 La Coruña",5,58,https://maps.google.com/?cid=4606612889030260008&g_mp=Cidnb29nbGUubWFwcy5wbGFjZXMudjEuUGxhY2VzLlNlYXJjaFRleHQQAhgEIAA,2026-05-19T18:46:57.747Z
masaje-spa,atleevo,cmpcz67yi005nq1se29piaqz8,Boofit entrenamientos y masajes,682 71 08 57,https://boofit.es/,wellness_center,wellness_center;health;point_of_interest;establishment,Murcia,"C. Gran Pez, 30004 Murcia",5,34,https://maps.google.com/?cid=17211864798407210187&g_mp=Cidnb29nbGUubWFwcy5wbGFjZXMudjEuUGxhY2VzLlNlYXJjaFRleHQQAhgEIAA,2026-05-19T18:37:19.435Z
masaje-spa,atleevo,cmpcz3c5f0029q1se5sf9mwpc,FEEPYF Federación Español de Entrenadores Personales y Fitness,633 40 83 38,https://feepyf.com/,sports_school,sports_school;association_or_organization;point_of_interest;establishment,Valencia,"Avinguda de Campanar, 36, Bajo, Campanar, 46009 València, Valencia",5,1,https://maps.google.com/?cid=5149349531479360582&g_mp=Cidnb29nbGUubWFwcy5wbGFjZXMudjEuUGxhY2VzLlNlYXJjaFRleHQQAhgEIAA,2026-05-19T18:35:04.900Z
masaje-spa,atleevo,cmpczjp8f00laq1sege79vnxz,HUGOFIT (entrenamientos y masajes),660 75 75 59,,health,health;point_of_interest;service;establishment,Vitoria-Gasteiz,"Ariznabarreta Kalea, 1, bajo, 01007 Vitoria-Gasteiz, Araba",5,2,https://maps.google.com/?cid=10386115051454495336&g_mp=Cidnb29nbGUubWFwcy5wbGFjZXMudjEuUGxhY2VzLlNlYXJjaFRleHQQAhgEIAA,2026-05-19T18:47:48.351Z
masaje-spa,atleevo,cmpczjxqf00m7q1se3ysvafe4,I.M. Quiromasaje Entrenamiento,661 11 32 53,http://ibanmartinez.com/,massage,massage;service;point_of_interest;establishment,Vitoria-Gasteiz,"Provincias Vascongadas Plaza, 3, 01002 Vitoria-Gasteiz, Araba",5,50,https://maps.google.com/?cid=8797995887261713022&g_mp=Cidnb29nbGUubWFwcy5wbGFjZXMudjEuUGxhY2VzLlNlYXJjaFRleHQQAhgEIAA,2026-05-19T18:47:59.368Z
masaje-spa,atleevo,cmpcz3x4b0032q1sewy4fkb9d,MarioLozano Fitness y preparación física,614 37 18 68,,massage,massage;consultant;service;health;point_of_interest,Sevilla,"Av. Averroes, 6, Planta 4 módulo 12, 41020 Sevilla",5,10,https://maps.google.com/?cid=11088394187092247469&g_mp=Cidnb29nbGUubWFwcy5wbGFjZXMudjEuUGxhY2VzLlNlYXJjaFRleHQQAhgEIAA,2026-05-19T18:35:32.076Z
masaje-spa,atleevo,cmpcym4pn0092ih9uy2w3jfc9,"Wellness Estímulo. (Masajes Málaga, Electroestimulación Málaga, Entrenamiento Personal Málaga).",606 37 66 65,https://wellnessestimulo.my.canva.site/masajes-en-malaga,massage,massage;health;service;point_of_interest;establishment,Málaga,"Av. Juan López de Peñalver, 21, Campanillas, 29590 Málaga",5,83,https://maps.google.com/?cid=16479586657352142868&g_mp=Cidnb29nbGUubWFwcy5wbGFjZXMudjEuUGxhY2VzLlNlYXJjaFRleHQQAhgEIAA,2026-05-19T18:21:42.107Z
nutricion,atleevo,cmpcym8so009hih9u8sv6po1o,APC Nutrición Y Entrenamiento,613 09 36 48,http://www.apcnutricion.com/,consultant,consultant;health;point_of_interest;service;establishment,Málaga,"C. de Saint Exupéry, 20, Oficina 2, Cruz de Humilladero, 29007 Málaga",5,70,https://maps.google.com/?cid=13830126441959696635&g_mp=Cidnb29nbGUubWFwcy5wbGFjZXMudjEuUGxhY2VzLlNlYXJjaFRleHQQAhgEIAA,2026-05-19T18:21:47.400Z
nutricion,atleevo,cmpczexqd00ahq1segzxou8v2,Centro De Nutrición Y Entrenamiento Persona Kevin Barba,688 70 86 52,https://www.instagram.com/centrokevinbarba/,health,service;health;point_of_interest;establishment,Alicante,"Av. Padre Ismael, 63, 03680 Aspe, Alicante",4.9,34,https://maps.google.com/?cid=4346963942484317163&g_mp=Cidnb29nbGUubWFwcy5wbGFjZXMudjEuUGxhY2VzLlNlYXJjaFRleHQQAhgEIAA,2026-05-19T18:44:06.085Z
nutricion,atleevo,cmpczjq1e00ldq1seuhrad0ad,"Centro de Nutrición-Dietética y Entrenamiento Personal, Ayurveda",945 56 46 86,http://www.itziargomezfidalgo.es/,consultant,consultant;health;point_of_interest;service;establishment,Vitoria-Gasteiz,"Paseo, Salvador de Azpiazu Ibilbidea, 11, 01008 Vitoria-Gasteiz, Álava",4.4,9,https://maps.google.com/?cid=13238934566857587204&g_mp=Cidnb29nbGUubWFwcy5wbGFjZXMudjEuUGxhY2VzLlNlYXJjaFRleHQQAhgEIAA,2026-05-19T18:47:49.395Z
nutricion,atleevo,cmpcz3w870030q1sesxm7b950,Cristian Fernández - Entrenamiento & Nutrición,,https://nutricionyrendimiento.net/,consultant,consultant;service;health;point_of_interest;establishment,Sevilla,"C. Automoción, 33, Norte, 41007 Sevilla",5,80,https://maps.google.com/?cid=17020267732099066143&g_mp=Cidnb29nbGUubWFwcy5wbGFjZXMudjEuUGxhY2VzLlNlYXJjaFRleHQQAhgEIAA,2026-05-19T18:35:30.920Z
nutricion,atleevo,cmpcziw9s00k2q1se17g6ucqt,David Rey Nutrición Y Entrenamiento Híbrido,614 33 12 10,https://www.davidrey.es/,consultant,consultant;health;service;point_of_interest;establishment,A Coruña,"Rda. Nelle, 124, bajo derecha, 15010 La Coruña",5,25,https://maps.google.com/?cid=17752842392078904650&g_mp=Cidnb29nbGUubWFwcy5wbGFjZXMudjEuUGxhY2VzLlNlYXJjaFRleHQQAhgEIAA,2026-05-19T18:47:10.816Z
nutricion,atleevo,cmpcz31xf001sq1secsnnj6qm,DG Nutrición y Entrenamiento Personal,645 40 06 65,https://diariodenutricion.com/,sports_club,sports_club;association_or_organization;point_of_interest;establishment,Valencia,"C/ del Riu Escalona, 38, Camins al Grau, 46023 València, Valencia",5,251,https://maps.google.com/?cid=8082809723160757601&g_mp=Cidnb29nbGUubWFwcy5wbGFjZXMudjEuUGxhY2VzLlNlYXJjaFRleHQQAhgEIAA,2026-05-19T18:34:51.652Z
nutricion,atleevo,cmpcz7o61006oq1sejpfu59nz,"ENFAF - Formación Deportiva, Nutrición y Salud",722 57 87 81,https://www.enfaf.com/,educational_institution,point_of_interest;educational_institution;establishment,Murcia,"C. Pina, 21, 30009 Murcia",4.7,24,https://maps.google.com/?cid=12900511872519475142&g_mp=Cidnb29nbGUubWFwcy5wbGFjZXMudjEuUGxhY2VzLlNlYXJjaFRleHQQAhgEIAA,2026-05-19T18:38:27.098Z
nutricion,atleevo,cmpcz6eaa006bq1se6habqxoj,Entrenador Personal Fuerza Flexible Nutricionista - Murcia,652 90 96 35,,health,wellness_center;gym;sports_complex;sports_activity_location;sports_school,Murcia,"C. Pío XII, 18, 30012 Murcia",4.4,7,https://maps.google.com/?cid=9021722521379817730&g_mp=Cidnb29nbGUubWFwcy5wbGFjZXMudjEuUGxhY2VzLlNlYXJjaFRleHQQAhgEIAA,2026-05-19T18:37:27.634Z
nutricion,atleevo,cmpczcl5g009aq1seb02go8xl,Entrenador personal y nutricionista - Matías Torres,622 73 23 26,http://matiastorres.online/,health,health;point_of_interest;service;establishment,Alicante,"C. Metalurgias, 7, 03008 Alicante",5,5,https://maps.google.com/?cid=12021562633286171559&g_mp=Cidnb29nbGUubWFwcy5wbGFjZXMudjEuUGxhY2VzLlNlYXJjaFRleHQQAhgEIAA,2026-05-19T18:42:16.468Z
nutricion,atleevo,cmpcymvuz00bfih9u3wiszvri,Finest Sport - Centro de Entrenamiento y Nutrición,971 57 79 44,https://www.finestsport.es/,health,health;consultant;service;point_of_interest;establishment,Mallorca,"Camí de la Vileta, 39, Planta 1 Local 9, Ponent, 07011 Palma, Illes Balears",4.9,175,https://maps.google.com/?cid=11918153724737290293&g_mp=Cidnb29nbGUubWFwcy5wbGFjZXMudjEuUGxhY2VzLlNlYXJjaFRleHQQAhgEIAA,2026-05-19T18:22:17.291Z
nutricion,atleevo,cmpcz91ul0078q1se0zq13mni,Health21 - entrenador personal las palmas- nutricionista - salud- entrenamiento en grupo las palmas- quiromasaje,635 44 44 42,https://health21.es/entrenamiento-grupo-reducido-las-palmas/,wellness_center,wellness_center;physiotherapist;consultant;health;service,Las Palmas de Gran Canaria,"C. Gordillo, 21, Local Bajo Izquierda, 35009 Las Palmas de Gran Canaria, Las Palmas",5,58,https://maps.google.com/?cid=9124824550754118435&g_mp=Cidnb29nbGUubWFwcy5wbGFjZXMudjEuUGxhY2VzLlNlYXJjaFRleHQQAhgEIAA,2026-05-19T18:39:31.486Z
nutricion,atleevo,cmpczgfbm00exq1segtdhfs3e,Hipopresivos Valladolid Montse Sánchez. Dietista,660 18 92 63,https://redfit.club/hipopresivos-valladolid-montse-sanchez-dietista/,health,health;service;point_of_interest;establishment,Valladolid,"Calle Pl., 6, 47610 Zaratán, Valladolid",5,141,https://maps.google.com/?cid=8202744707664316295&g_mp=Cidnb29nbGUubWFwcy5wbGFjZXMudjEuUGxhY2VzLlNlYXJjaFRleHQQAhgEIAA,2026-05-19T18:45:15.539Z
nutricion,atleevo,cmpczi13700i1q1sedzh3ggxy,Iraima Fernández | Nutrición y entrenamiento - Menopausia,672 32 08 88,https://www.iraimafernandez.es/,consultant,consultant;health;point_of_interest;service;establishment,Gijón,"Iraima Fernandez Nutrición y entrenamiento, C. del Agua, N 2, 2, Centro, 33206 Gijón, Asturias",5,80,https://maps.google.com/?cid=5086571550987043372&g_mp=Cidnb29nbGUubWFwcy5wbGFjZXMudjEuUGxhY2VzLlNlYXJjaFRleHQQAhgEIAA,2026-05-19T18:46:30.403Z
nutricion,atleevo,cmpczis1w00jmq1sebr764gc7,Javier Pérez - Nutricionista y Entrenador Personal,603 77 25 57,http://www.javierpereznutricion.com/,consultant,consultant;service;health;point_of_interest;establishment,A Coruña,"C. Alcalde Asúnsolo, 2, Oficina 7 Entreplanta, 15007 La Coruña",5,24,https://maps.google.com/?cid=17333991216138194000&g_mp=Cidnb29nbGUubWFwcy5wbGFjZXMudjEuUGxhY2VzLlNlYXJjaFRleHQQAhgEIAA,2026-05-19T18:47:05.348Z
nutricion,atleevo,cmpcz50vd004bq1se8b07gk5m,JM NUTRICIÓN,644 37 89 29,https://www.jmnutricion.es/,food_store,food_store;consultant;food;point_of_interest;health,Málaga,"C. San Juan Bosco, 1, Distrito Centro, 29014 Málaga",4.9,176,https://maps.google.com/?cid=16656314841956600282&g_mp=Cidnb29nbGUubWFwcy5wbGFjZXMudjEuUGxhY2VzLlNlYXJjaFRleHQQAhgEIAA,2026-05-19T18:36:23.593Z
nutricion,atleevo,cmpczcfqd0098q1septafmqw9,Lecegui Trainers | Entrenamiento Personal y Nutrición en Basic-Fit Alicante Calle Alonso Cano,606 43 15 87,,health,health;point_of_interest;service;establishment,Alicante,"C/ Alonso Cano, 64, 03015 Alacant, Alicante",4,2,https://maps.google.com/?cid=10602528925554611940&g_mp=Cidnb29nbGUubWFwcy5wbGFjZXMudjEuUGxhY2VzLlNlYXJjaFRleHQQAhgEIAA,2026-05-19T18:42:09.445Z
nutricion,atleevo,cmpcz4jgc003qq1se93obxg7m,Mntoor | Nutricionista deportivo,645 01 85 25,https://mntoor.com/,consultant,food_store;consultant;service;store;food,Zaragoza,"C. de Baltasar Gracián, 5, Local bajo Izq, 50005 Zaragoza",5,198,https://maps.google.com/?cid=16973560267318457787&g_mp=Cidnb29nbGUubWFwcy5wbGFjZXMudjEuUGxhY2VzLlNlYXJjaFRleHQQAhgEIAA,2026-05-19T18:36:01.020Z
nutricion,atleevo,cmpcz4hwr003lq1se44f7iaxc,Nano Sport - Tienda de nutrición,658 47 14 16,https://tienda.nano-sport.com/,food_store,food_store;health;store;point_of_interest;food,Zaragoza,"C. de la Madre Sacramento, 3, 50004 Zaragoza",4.9,256,https://maps.google.com/?cid=12992885933183314626&g_mp=Cidnb29nbGUubWFwcy5wbGFjZXMudjEuUGxhY2VzLlNlYXJjaFRleHQQAhgEIAA,2026-05-19T18:35:59.019Z
nutricion,atleevo,cmpcymjoy00adih9uuqsdo912,Nutricionista en Bilbao | NutriSarmi - Asier Sarmiento,611 80 53 52,https://nutrisarmi.com/,consultant,health;consultant;service;point_of_interest;establishment,Bilbao,"Urkixo Zumarkalea, 69, Abando, 48013 Bilbao, Bizkaia",5,280,https://maps.google.com/?cid=1381001239396853486&g_mp=Cidnb29nbGUubWFwcy5wbGFjZXMudjEuUGxhY2VzLlNlYXJjaFRleHQQAhgEIAA,2026-05-19T18:22:01.523Z
nutricion,atleevo,cmpcymgzg00a3ih9uz646zes4,Nutricionista y Entrenador Personal Santiago Del Sur,691 34 98 94,http://www.santiagodelsur.com/,consultant,consultant;health;point_of_interest;service;establishment,Bilbao,"Alameda de Recalde, 5, Abando, 48009 Bilbao, Vizcaya",5,14,https://maps.google.com/?cid=16880565777861263292&g_mp=Cidnb29nbGUubWFwcy5wbGFjZXMudjEuUGxhY2VzLlNlYXJjaFRleHQQAhgEIAA,2026-05-19T18:21:58.013Z
nutricion,atleevo,cmpcyminf00a9ih9umjjnwoav,PRIME CENTER Etxebarri (Entrenamiento personal y nutrición),611 77 78 84,https://primecenter.carrd.co/,health,health;service;point_of_interest;establishment,Bilbao,"Ametzola Kalea, 12, 48450 Bilbao, Bizkaia",5,25,https://maps.google.com/?cid=3112924149952260408&g_mp=Cidnb29nbGUubWFwcy5wbGFjZXMudjEuUGxhY2VzLlNlYXJjaFRleHQQAhgEIAA,2026-05-19T18:22:00.172Z
nutricion,atleevo,cmpczey8400ajq1sefkpkr97n,Q Experience - Entrenamiento Personal - Fisioterapia - Nutrición - Pilates,654 91 35 84,http://www.qexperience.es/,health,service;health;point_of_interest;establishment,Alicante,"C. del Huerto, 9, 03181 Torrevieja, Alicante",4.9,99,https://maps.google.com/?cid=8969532239468732069&g_mp=Cidnb29nbGUubWFwcy5wbGFjZXMudjEuUGxhY2VzLlNlYXJjaFRleHQQAhgEIAA,2026-05-19T18:44:06.725Z
nutricion,atleevo,cmpczfdx800bzq1segr5mnqw1,"Rafael Alcolea Centro de entrenamiento personal, nutrición y quiromasaje",620 71 36 34,,health,health;service;point_of_interest;establishment,Córdoba,"Pje. González del Campo, 4, Levante, 14014 Córdoba",5,11,https://maps.google.com/?cid=3643347147158419438&g_mp=Cidnb29nbGUubWFwcy5wbGFjZXMudjEuUGxhY2VzLlNlYXJjaFRleHQQAhgEIAA,2026-05-19T18:44:27.069Z
nutricion,atleevo,cmpczcz03009lq1sej232muzw,Simply Health Nutricionista y Entrenador Personal Alicante,611 41 24 65,http://www.simplyhealth.es/,consultant,consultant;service;health;point_of_interest;establishment,Alicante,"local 10, Av. de las Naciones, 24, 03540 Alicante",5,87,https://maps.google.com/?cid=5684937129458747899&g_mp=Cidnb29nbGUubWFwcy5wbGFjZXMudjEuUGxhY2VzLlNlYXJjaFRleHQQAhgEIAA,2026-05-19T18:42:34.419Z
nutricion,atleevo,cmpcz69pv005uq1se1fu76k0i,"TENEKA - Entrenamiento, Nutrición, Readaptación Deportiva",623 03 31 61,https://www.teneka.es/,health,health;service;point_of_interest;establishment,Murcia,"C. Toledo, 4, 30120 Murcia",4.9,48,https://maps.google.com/?cid=6627487929148418103&g_mp=Cidnb29nbGUubWFwcy5wbGFjZXMudjEuUGxhY2VzLlNlYXJjaFRleHQQAhgEIAA,2026-05-19T18:37:21.716Z
nutricion,atleevo,cmpczbjcl008oq1ser5oddjvl,Vip-Training Nutrición y Entrenamiento Personal,617 11 76 91,http://www.vip-training.es/,consultant,fitness_center;gym;consultant;sports_activity_location;medical_clinic,Alicante,"C. Agustín Santonja, 26, 03005 Alicante",5,39,https://maps.google.com/?cid=13630563517241694485&g_mp=Cidnb29nbGUubWFwcy5wbGFjZXMudjEuUGxhY2VzLlNlYXJjaFRleHQQAhgEIAA,2026-05-19T18:41:27.478Z
nutricion,atleevo,cmpcyl2gy005gih9unybw39ej,XTRAINING by Daniel Salgueiro,644 86 50 23,http://www.xtrainingsevilla.es/,health,wellness_center;physiotherapist;medical_clinic;food_store;consultant,Sevilla,"Av. de Alemania, 23, 41012 Sevilla",5,233,https://maps.google.com/?cid=15080052535709996977&g_mp=Cidnb29nbGUubWFwcy5wbGFjZXMudjEuUGxhY2VzLlNlYXJjaFRleHQQAhgEIAA,2026-05-19T18:20:52.546Z
pilates-yoga,atleevogym,cmpczjwxd00m4q1semoh5hp4f,"Noelia Instructora Pilates Máquina y Suelo, Coach neurolingüístico y Terapia con Animales",687 29 07 42,https://integralwellnesspilates.blogspot.com/2024/03/explorando-la-respiracion-en-el-metodo.html,gym,yoga_studio;fitness_center;gym;sports_complex;sports_school,Vitoria-Gasteiz,"Canciller Ayala, 9, 01004 Vitoria-Gasteiz, Araba",5,23,https://maps.google.com/?cid=934637772971993392&g_mp=Cidnb29nbGUubWFwcy5wbGFjZXMudjEuUGxhY2VzLlNlYXJjaFRleHQQAhgEIAA,2026-05-19T18:47:58.321Z
pilates-yoga,atleevo,cmpcz205w0007q1sevzr8db5r,TrainingBoutique Castelló - Entrenamiento y Pilates Reformer,617 75 73 90,https://www.trainingboutique.es/,health,gym;sports_school;sports_complex;health;sports_activity_location,Madrid,"Calle de Castelló, 120, Salamanca, 28006 Madrid",4.9,59,https://maps.google.com/?cid=16142067706537186308&g_mp=Cidnb29nbGUubWFwcy5wbGFjZXMudjEuUGxhY2VzLlNlYXJjaFRleHQQAhgEIAA,2026-05-19T18:34:02.708Z
school,atleevo,cmpczeudy00a6q1seh67ymjp1,Pascual Navarro Profesor Natación especializado en niños y Entrenamiento funcional grupo adultos .,697 72 47 27,,school,school;educational_institution;health;service;point_of_interest,Alicante,"Av. de Niza, 27, 03550 Alicante",5,155,https://maps.google.com/?cid=9051435310419928579&g_mp=Cidnb29nbGUubWFwcy5wbGFjZXMudjEuUGxhY2VzLlNlYXJjaFRleHQQAhgEIAA,2026-05-19T18:44:01.751Z
school,atleevo,cmpczf1xq00axq1se86luyw6m,Tenis Coach David Simón,653 82 15 09,https://www.tusclasesparticulares.com/profesores/david-simon.htm,school,sports_coaching;health;school;educational_institution;point_of_interest,Alicante,"Partide de Orgegia, s/n, 03015 Alacant, Alicante",5,73,https://maps.google.com/?cid=11098612749991686979&g_mp=Cidnb29nbGUubWFwcy5wbGFjZXMudjEuUGxhY2VzLlNlYXJjaFRleHQQAhgEIAA,2026-05-19T18:44:11.534Z
sin-tipo,atleevo,cmpcz50d10049q1seey3k0hqp,Fivestars International Graduate School,,https://www.fivestarsfitness.com/,,point_of_interest;establishment,Málaga,"C/ Juan Martínez Montañés, 2, Carretera de Cádiz, 29004 Málaga",4.9,386,https://maps.google.com/?cid=16174861274192305207&g_mp=Cidnb29nbGUubWFwcy5wbGFjZXMudjEuUGxhY2VzLlNlYXJjaFRleHQQAhgEIAA,2026-05-19T18:36:22.933Z
sin-tipo,atleevo,cmpcz2r6u001hq1sephg3fs2i,Instituto ISAF.,961 09 68 20,https://www.institutoisaf.es/,,sports_school;point_of_interest;establishment,Barcelona,"Carrer Sant Lluís, 31, Bajo Derecha, 46960 Valencia",4.8,163,https://maps.google.com/?cid=3206094259745727430&g_mp=Cidnb29nbGUubWFwcy5wbGFjZXMudjEuUGxhY2VzLlNlYXJjaFRleHQQAhgEIAA,2026-05-19T18:34:37.735Z
sin-tipo,atleevo,cmpcz3z0c0039q1sepbdzkvni,Oposiciones Educación Física Luis Timón,642 71 69 31,http://www.oposicioneseducacionfisica.es/,,educational_institution;point_of_interest;establishment,Sevilla,"Av. de la Innovación, 5, Edificio Espacio, 3º planta, 41020 Sevilla",4.9,501,https://maps.google.com/?cid=12464150736933118304&g_mp=Cidnb29nbGUubWFwcy5wbGFjZXMudjEuUGxhY2VzLlNlYXJjaFRleHQQAhgEIAA,2026-05-19T18:35:34.525Z
sin-tipo,atleevo,cmpcz35yk001vq1sesfzvdqud,Preparador Oposiciones Educación Física Valencia,680 74 32 95,https://metod.es/,,point_of_interest;establishment,Valencia,"C. del Músic Hipòlit Martínez, 16, 104, Benimaclet, 46020 Valencia",5,18,https://maps.google.com/?cid=7875971635650986768&g_mp=Cidnb29nbGUubWFwcy5wbGFjZXMudjEuUGxhY2VzLlNlYXJjaFRleHQQAhgEIAA,2026-05-19T18:34:56.876Z
sporting_goods_store,atleevo,cmpczifby00ipq1se5jvsxo4x,Deportes Trainer,984 29 26 82,https://deportestrainer.com/,sporting_goods_store,sporting_goods_store;sportswear_store;clothing_store;store;point_of_interest,Gijón,"C. San Bernardo, 69, Centro, 33201 Gijón, Asturias",5,68,https://maps.google.com/?cid=8056736673889548448&g_mp=Cidnb29nbGUubWFwcy5wbGFjZXMudjEuUGxhY2VzLlNlYXJjaFRleHQQAhgEIAA,2026-05-19T18:46:48.862Z
tienda,atleevo,cmpcz4ixz003oq1senj9jk1pq,"Nutripro Zaragoza Clara Campoamor 4, 50018",876 01 10 31,https://bpnbestprofessionalnutrition.com/,store,sporting_goods_store;consultant;service;store;health,Zaragoza,"C. de Clara Campoamor, 4, 50018 Zaragoza",4.6,156,https://maps.google.com/?cid=3294699992200365506&g_mp=Cidnb29nbGUubWFwcy5wbGFjZXMudjEuUGxhY2VzLlNlYXJjaFRleHQQAhgEIAA,2026-05-19T18:36:00.359Z
wellness-mixto,atleevo,cmpczhao900grq1serm6xp30e,21METs Estudio By Naza Tilve,673 57 67 27,http://www.21mets.com/,wellness_center,wellness_center;health;point_of_interest;establishment,Vigo,"Av. das Camelias, 22, 36202 Vigo, Pontevedra",5,57,https://maps.google.com/?cid=2434014582494978245&g_mp=Cidnb29nbGUubWFwcy5wbGFjZXMudjEuUGxhY2VzLlNlYXJjaFRleHQQAhgEIAA,2026-05-19T18:45:56.169Z
wellness-mixto,atleevo,cmpczjwf700m2q1sevdlvk8mm,Centro de Osteopatia PALOMA ALONSO,650 21 75 44,,wellness_center,wellness_center;gym;sports_complex;sports_school;health,Vitoria-Gasteiz,"Avenida Beato Tomás de Zumárraga, 68, Txagorritxu, 01009 Vitoria-Gasteiz, Araba",4.9,16,https://maps.google.com/?cid=2642144875465802174&g_mp=Cidnb29nbGUubWFwcy5wbGFjZXMudjEuUGxhY2VzLlNlYXJjaFRleHQQAhgEIAA,2026-05-19T18:47:57.667Z
wellness-mixto,atleevo,cmpczlae800p3q1seuorpcq27,Iliser,697 72 48 65,,wellness_center,wellness_center;health;point_of_interest;establishment,Elche,"C/ Federico García Lorca, 17, 03204 Elx, Alicante",5,11,https://maps.google.com/?cid=15522728408848196215&g_mp=Cidnb29nbGUubWFwcy5wbGFjZXMudjEuUGxhY2VzLlNlYXJjaFRleHQQAhgEIAA,2026-05-19T18:49:02.432Z
wellness-mixto,atleevo,cmpczap3f008aq1sevf2pwmvu,LDM Salud y Rendimiento,722 79 46 32,http://ldmsaludyrendimiento.es/,wellness_center,wellness_center;health;point_of_interest;establishment,Las Palmas de Gran Canaria,"C. Albert Einstein, 48, 35013 Las Palmas de Gran Canaria, Las Palmas",5,30,https://maps.google.com/?cid=3143142756345840460&g_mp=Cidnb29nbGUubWFwcy5wbGFjZXMudjEuUGxhY2VzLlNlYXJjaFRleHQQAhgEIAA,2026-05-19T18:40:48.268Z
wellness-mixto,atleevogym,cmpd0srvb000013nogtutojpr,Rute Training Studio,635 17 35 42,http://www.somosrute.com/,wellness_center,wellness_center;health;point_of_interest;establishment,,"C. Alemania, 71, 35006 Las Palmas de Gran Canaria, Las Palmas",5,36,https://maps.google.com/?cid=14962640041529854160&g_mp=Cidnb29nbGUubWFwcy5wbGFjZXMudjEuUGxhY2VzLlNlYXJjaFRleHQQAhgEIAA,2026-05-19T19:22:51.287Z
wellness-mixto,atleevo,cmpczi36b00i9q1se4wu5ixgb,Wellness Core,600 22 54 53,http://www.wellnesscore.es/,wellness_center,wellness_center;health;point_of_interest;establishment,Gijón,"Plaza Florencio Rodríguez, 2, 1ºB, Centro, 33201 Gijón, Asturias",4.8,45,https://maps.google.com/?cid=4549415095146643644&g_mp=Cidnb29nbGUubWFwcy5wbGFjZXMudjEuUGxhY2VzLlNlYXJjaFRleHQQAhgEIAA,2026-05-19T18:46:33.107Z
wellness-mixto,atleevo,cmpcymo6i00auih9ujtl1k410,XST Xabier Sanchez Training,689 89 75 94,,wellness_center,wellness_center;health;point_of_interest;establishment,Bilbao,"Alameda de Recalde, 1, Abando, 48009 Bilbao, Vizcaya",5,17,https://maps.google.com/?cid=2490960483043145617&g_mp=Cidnb29nbGUubWFwcy5wbGFjZXMudjEuUGxhY2VzLlNlYXJjaFRleHQQAhgEIAA,2026-05-19T18:22:07.338Z
